"","FL1.1","FL2.1","FL3.1","FL4.1","FL5.1","FL6.1","FL7.1","FL8.1","FL9.1","FL10.1","FL11.1","FL12.1","FL13.1","FL14.1","FL1.2","FL2.2","FL3.2","FL4.2","FL5.2","FL6.2","FL7.2","FL8.2","FL9.2","FL10.2","FL11.2","FL12.2","FL13.2","FL14.2"
"1",0,0,0,0,0,0,0,0,0,0,0,0,0,0,0,0,0,0,0,0,0,0,0,0,0,0,0,0
"2",0,0,0,0,0,0,0,0,0,0,0,0,0,0,0,0,0,0,0,0,0,0,0,0,0,0,0,0
"3",0,0,0,0,0,0,0,0,0,0,0,0,0,0,0,0,0,0,0,0,0,0,0,0,0,0,0,0
"4",0,0,0,0,0,0,0,0,0,0,0,0,0,0,0,0,0,0,0,0,0,0,0,0,0,0,0,0
"5",1.68333913743818e-06,1.06580423502787e-05,2.57417951571247e-09,1.86931644082356e-06,0,1.14913700492682e-08,1.10310824675960e-07,5.59003623148588e-06,1.05843562770450e-05,0.000104689496055968,0.00478396565209527,6.1652131167524e-06,2.06847380980567e-08,0,2.48890683600868e-11,5.45463817928978e-07,3.80648921427058e-14,4.70977822188671e-09,0,5.84313279188807e-11,5.6090376418019e-10,1.45060131913494e-07,2.7466107537659e-07,3.80544359291691e-06,0.000173905411004649,1.43711780940385e-08,1.05177618807725e-10,0
"6",0.00350224684542032,0.000196449778028031,0,0.0168015888172381,0.805929399159852,5.52467287047493e-06,7.48012687156079e-05,9.9799164387587e-05,0.000150361321503403,0.0206951899545923,0.301297582876321,0.000123699985618054,3.05363319083724e-05,0,5.35535807230815e-06,1.93662138897909e-05,0,0.000321200885286969,0.0802366920732777,6.07893342052128e-09,8.23112319605326e-08,5.9814871872249e-06,9.01379828420627e-06,0.00205785109845616,0.0300094405272949,2.04827602473213e-06,3.35962721929903e-08,0
"7",0.258482040320788,2.25886479740711e-05,0.00194490024217732,0.00178848809216843,0.40950839917096,0,0,2.75038961289015e-05,7.73448994528083e-05,0.00207475004811602,0.0070971697732025,3.52637047651371e-06,9.52998980308818e-05,0,0.00769471239184415,2.96802014103371e-06,5.79334439532704e-05,0.000109564331763230,0.0600434452756378,0,0,2.67725908563452e-06,7.53012335870736e-06,0.000303850315920103,0.00103959999279628,1.91713724242533e-07,1.52015146035958e-06,0
"8",0.687153992641579,0.000212976453749277,0.0255705522664213,1.88503107368088e-05,0.147727953980556,0,0,0.00191665668635888,0.00420410619768214,0.0073039824981329,0.0188534468808265,0.0113684876455204,0.00352065120741997,0,0.0494910708881948,3.3245215220198e-05,0.00183916474492405,1.65908511595912e-06,0.0273815314533972,0,0,0.000224499056162408,0.000492156109128872,0.00135311959926908,0.00350726846908374,0.000878684872465973,0.000110866393642816,0
"9",0.0908078420199247,0.000317494725175071,2.09186062985861e-05,0.000951843137600112,0,0.00411884725174881,0.0424142331458463,0.000606253351568851,0.00122566315237483,0.00182073862748356,0.0478011957064199,0.0106443731277457,0.00787928649924148,0,0.0121343976523835,5.25823612500323e-05,2.81507123339928e-06,0.000104473716597325,0,0.00021142374948383,0.00217488780862576,7.652932951672e-05,0.000154650466377568,0.000377410298806171,0.00999390629761215,0.00101820942016261,0.000404514192410871,0
"10",0.108863337021694,0.00105227316626087,0,1.05481517137516,2.74772345741139,0.00847926058265803,0.146237395651958,0.00188761563587636,0.0030255406873181,0.0542460184977594,0.851338560020563,0.0195029331960788,0.0584936146756698,0,0.0247026109137438,0.000199303606576358,0,0.152265604612005,0.683240040008544,0.00071392049960974,0.0123064567143475,0.000276024286070036,0.000442293302867289,0.0135070626710472,0.211615938395592,0.00243686009592883,0.00492343314652988,0
"11",1.46265765824352,0.000119642318045820,0.00747838097416232,0.0171335209547936,0.322366994082139,0,0,0.000279710699745411,0.00069738103596179,0.00319750247346460,0.0102272710778331,0.000198137722036704,0.0235564814955101,0,0.206183754373038,1.15693417781911e-05,0.00105712653070629,0.00143593127735132,0.0427129669244007,0,0,2.12299430845803e-05,5.29678246350357e-05,0.000422022881523573,0.00135029337236481,1.41833751423116e-05,0.00137070121658139,0
"12",0.837129837697856,0.000628664374287274,0.0388564466750146,4.07782935685297e-05,0.169787562072724,0,0,0.0147066767683874,0.0386546581323053,0.0119783298863513,0.00789848328468003,0.123159772659969,0.161523678629577,0,0.011069491707779,5.45301275439689e-06,0.000512738118588477,3.40464645653424e-07,0.00205918428257284,0,0,0.000101196229187258,0.000265755258397386,0.000145299116557879,9.66784987694536e-05,0.000872377219125247,0.00107720905622794,0
"13",0.0141160083773531,0.000642500358293116,1.65252282454561e-05,0.00556925537600994,0,0.0385138181332024,0.442198302796779,0.00321381623375281,0.00652847672790589,0.0017733062382876,0.0294278996444309,0.0599917732070584,0.0667534917277559,0,0.000146320970552833,4.3917067975417e-06,1.75168140998754e-07,3.94292234463165e-05,0,0.000248754918263277,0.00284382615197480,1.77499594723109e-05,3.59896529992282e-05,1.72050633203264e-05,0.000292959410238451,0.000362939802906281,0.000431417978218598,0
"14",0.0205930269154528,0.000601047412034557,0,0.998417225207278,0.638306660478805,0.0128173772607424,0.183073678698640,0.00285217874121192,0.00480501959894200,0.00999709425947192,0.267909876394222,0.0164135837047342,0.0676550142879509,0,0.000132265272431220,2.56346683965643e-06,0,0.00466695897469715,0.00391041056201021,6.03427218163014e-05,0.000860232787137226,9.93970748083136e-06,1.67109730424130e-05,6.16656862313672e-05,0.00164041738731090,6.5857596494799e-05,0.00031846785880697,0
"15",0.258612694546696,6.9742843505695e-05,0.00191249342111378,0.0214924971671643,0.0699849138809832,0,0,0.000568886548636907,0.00156902900321593,0.000353382394620927,0.00123775180816510,8.20731344090909e-05,0.0166090058751168,0,0.000149795807794302,2.64901708466432e-08,1.10908604392036e-06,9.6294360127129e-06,3.99562475067267e-05,0,0,1.81564484115442e-07,5.01041451603648e-07,2.01141476986420e-07,7.04614546800747e-07,3.14839775742313e-08,7.8440582209663e-06,0
"16",0.108811571725864,0.00079573258030173,0.00304497486796026,3.0729039241228e-05,0.0131929458519757,0,0,0.0240271274258194,0.0621434084573605,0.00181125729381488,0.00180137128120229,0.0912185002239719,0.0628567389257572,0,3.14806267193572e-06,1.44230410609851e-08,8.82375039362252e-08,6.97281586961948e-10,3.74641576702437e-07,0,0,3.75862170917518e-07,9.7052634968599e-07,5.10585964673458e-08,5.13336254222123e-08,1.76477194467239e-06,1.51128421570034e-06,0
"17",0.00218454126800147,0.000270362133892402,1.33347168021478e-06,0.000847937260405308,0,0.007312779356844,0.0739716933545447,0.0026095233679619,0.00513337724017814,8.36908901895711e-05,0.00270352484316672,0.0213850320015590,0.0135202169150583,0,3.11405139644044e-08,2.30358691820312e-09,1.93888566938806e-11,9.30120423295781e-09,0,8.42355972576098e-08,8.49974747443959e-07,1.97147614489128e-08,3.87321005093768e-08,1.17017558610371e-09,3.84609841328046e-08,2.00545505519495e-07,1.55717382612975e-07,0
"18",0.00158263665071192,0.00040375951111105,0,0.147947045032984,0.0350132972237324,0.00233089646195744,0.0354629679175,0.00282119232026855,0.0044163465183225,0.000756183319146446,0.0121413656758185,0.00765352502154252,0.0142353478429627,0,4.82293832391227e-09,6.87144701211945e-10,0,3.31122440922529e-07,1.03739132749592e-07,5.33168844506246e-09,8.0926579984626e-08,4.37601428811125e-09,6.83754177939383e-09,2.26134895768866e-09,3.58988895221183e-08,1.46756820064829e-08,3.25291256490347e-08,0
"19",0.0165153745948413,5.31754051727272e-05,0.000106347440621412,0.00316410650320547,0.00636977126261246,0,0,0.000525868131535014,0.00140421895806769,4.23134733699630e-05,0.000140272088755737,6.74835589921931e-05,0.00366780285100226,0,1.26462595806042e-09,2.17500064943151e-12,8.1489639574412e-12,1.80148254820821e-10,4.91837239276021e-10,0,0,2.03521601290627e-11,5.43742468325068e-11,3.25831140499857e-12,1.08020516792845e-11,3.24081882037191e-12,1.99394080589433e-10,0
"20",0.00357184974411919,0.000157525149518234,0.000146162732299909,3.59708651340536e-06,0.00070321394367894,0,0,0.0102424197830370,0.0246936912367158,4.4246858347251e-05,5.96087480806648e-05,0.0200583765911887,0.00723827200512856,0,4.20015837711687e-11,9.41230623296949e-13,1.72462616905534e-12,3.20336704475863e-14,8.3578454792019e-12,0,0,6.03118110342355e-11,1.45134013029685e-10,5.19806187647856e-13,7.07576093557734e-13,1.45872777444444e-10,5.69834521225549e-11,0
"21",3.85477039130202e-05,8.17874896556267e-05,3.42079636622001e-08,7.08996893019657e-05,0,0.000724594896012732,0.00749862700053514,0.000937969547261048,0.00184481605579465,2.25110042050907e-06,6.47101637391192e-05,0.00326596459362107,0.00130876041787918,0,1.23962734209595e-13,1.29603380835564e-13,1.05489071134662e-16,1.71172338715429e-13,0,1.46494361576883e-12,1.52066620523273e-11,1.48838979817130e-12,2.93303890427076e-12,7.24841372620349e-15,2.04039411461891e-13,6.38923434104979e-12,2.64829258180476e-12,0
"22",4.55967811885955e-05,0.000153866462133589,0,0.0126740564024738,0.000997107817103572,0.000340504137500868,0.00494449708088628,0.00115155444466273,0.00182500912302502,1.99809970717253e-05,0.000379197410786380,0.00122383967589331,0.00194790111472049,0,1.67872856265927e-14,2.81963343339983e-14,0,3.77131455606354e-12,3.80936701917458e-13,7.80839863423418e-14,1.13923987691713e-12,2.17485230725015e-13,3.45165046176851e-13,7.59123610475798e-15,1.44463593234144e-13,2.86947010185456e-13,4.48548036503016e-13,0
"23",0.000569643379544157,2.59938157069264e-05,4.00107257045781e-06,0.000332935494441008,0.000201821500258572,0,0,0.000273907831188483,0.000749045358861901,1.15867591911785e-06,3.92281861970648e-06,1.16819465392906e-05,0.000740567405748689,0,1.39649615923867e-14,3.1433095005787e-16,9.74555130366842e-17,6.62201977468667e-15,5.03694885750694e-15,0,0,3.4344535977157e-15,9.3723307632515e-15,2.92900188976197e-17,9.900212257409e-17,1.82073486257668e-16,1.09325430709443e-14,0
"24",6.16809797641168e-05,5.52285589022544e-05,2.23442512081562e-06,1.62170228920535e-07,9.51486420923992e-06,0,0,0.00268152795742395,0.00644437156349537,7.04246745750658e-07,1.02958561097983e-06,0.00230886522300647,0.00088005049075004,0,7.60142830606996e-16,3.32223765024278e-16,2.77183792103209e-17,1.65590658148167e-18,1.21805838404791e-16,0,0,1.71342917007322e-14,4.12971491013191e-14,9.02362173384061e-18,1.29109355906788e-17,1.76901800251235e-14,6.3999608490192e-15,0
"25",7.4958253476348e-07,2.16243197110816e-05,4.83428237728385e-10,2.07226570472260e-06,0,8.9205566699261e-05,0.000909760756271145,0.000203062675008832,0.000400075230043686,2.82335118384509e-08,8.68114893130687e-07,0.000341293162336727,0.000164101203913087,0,1.01901171947041e-18,1.44207654575658e-17,6.34111826664646e-22,2.42064558431697e-18,0,7.01714711918771e-17,7.20131594833931e-16,1.44357124481744e-16,2.85248026546581e-16,4.02700603538302e-20,1.18700027722379e-18,2.87439341147138e-16,1.29039079834442e-16,0
"26",8.90080430724e-07,5.63734179720904e-05,0,0.000492550260425612,1.79223104267321e-05,5.92664628924663e-05,0.0008968891552863,0.000331365882715450,0.000523425978043399,3.68838312758887e-07,6.42114357478853e-06,0.000199582307042198,0.000356751680956003,0,1.09559023244674e-19,3.46918719440891e-18,0,5.57367681417738e-17,2.36455954622399e-18,4.26673024749511e-18,6.48381067039798e-17,2.20700511474791e-17,3.49972477956965e-17,4.77873021930687e-20,8.50755054462319e-19,1.54300441068933e-17,2.57140425743218e-17,0
"27",1.06750848686998e-05,8.91419902712578e-06,7.01573548120133e-08,9.81542780426108e-06,3.19586929903325e-06,0,0,6.58104279033033e-05,0.000176366530524302,2.07605880305967e-08,6.91647699837041e-08,1.93605672736061e-06,0.000127855620534871,0,2.48388656133956e-19,1.04176711580419e-19,1.62623916439203e-21,2.06159521359905e-19,7.53075566397756e-20,0,0,8.23960075321537e-19,2.20426388457054e-18,4.94089527624512e-22,1.64513980360328e-21,2.70276019462439e-20,1.70431065164345e-18,0
"28",8.85637758450456e-07,1.18915146547859e-05,3.45261441462224e-08,3.28357042640802e-09,1.31843845151204e-07,0,0,0.000463633162061284,0.00113124354979286,9.27256595581452e-09,1.18557192622020e-08,0.000248440055722904,0.000115865541877961,0,1.20767122505663e-20,8.45351099564237e-20,4.69113746048042e-22,4.00328235887302e-23,1.8583589010373e-21,0,0,3.47988787049467e-18,8.54385207466351e-18,1.34259386369938e-22,1.65040024947643e-22,2.00376789788903e-18,9.11362535121784e-19,0
"29",1.03043697122821e-08,4.50420414162511e-06,5.04902302334114e-12,4.16305304365832e-08,0,1.08033460201536e-05,0.000115877412996716,3.1324900500088e-05,6.3134516648595e-05,3.95244929351188e-10,8.64783491623367e-09,3.80649439484862e-05,1.97736111854995e-05,0,7.98894126728084e-24,1.84054933483256e-21,3.95423786124021e-27,3.08011170267733e-23,0,4.90605048609762e-21,5.27955908844987e-20,1.37103831240838e-20,2.76565730475619e-20,3.26689733642892e-25,7.01645928700177e-24,1.77122771211587e-20,8.96559265501918e-21,0
"30",1.15427546745582e-08,1.10529948192319e-05,0,1.21602484721554e-05,2.74836070598576e-07,7.77360647234787e-06,0.000121297782699155,5.30378248413792e-05,8.67203650260444e-05,4.85858584422508e-09,1.02489071961229e-07,2.66588449052500e-05,4.69189813770131e-05,0,7.49966726578341e-25,3.77591859592806e-22,0,7.53582966530308e-22,1.87027243626605e-23,2.93937523612636e-22,4.57921406364269e-21,1.94196368162317e-21,3.18111547819647e-21,3.28021248380863e-25,7.01052627681402e-24,1.01749563622897e-21,1.76764628585405e-21,0
"31",1.65191382206750e-07,1.80968830655694e-06,1.06185536038390e-09,2.00926571518159e-07,3.39502289174289e-08,0,0,1.00547744130402e-05,2.65917315447560e-05,2.39823153896296e-10,7.96954405308218e-10,2.35619776000561e-07,1.67373414537631e-05,0,2.61356479334947e-24,1.5304395712898e-23,1.68686358190078e-26,3.05854996429294e-24,5.52354800146005e-25,0,0,9.08894868777922e-23,2.40595521347139e-22,3.87875090955753e-27,1.29040016178710e-26,2.16423530154188e-24,1.54389846670146e-22,0
"32",1.14746833203502e-08,2.382461869217e-06,4.22509643785564e-10,3.9648710652306e-11,1.40550176491738e-09,0,0,6.07228906069574e-05,0.000156809495655992,1.29514050840535e-10,1.15588887561660e-10,2.54915235489043e-05,1.31448261456495e-05,0,1.02451081553985e-25,1.18503126943974e-23,3.73921068852298e-27,3.39760602396274e-28,1.28708249613819e-26,0,0,3.16008023589618e-22,8.17321474223593e-22,1.20679254738185e-27,1.07006739091640e-27,1.35109927162983e-22,6.94939690837319e-23,0
"33",1.07584063262120e-10,7.2929663585291e-07,9.49597665598953e-14,8.11481122137682e-10,0,1.25106119108999e-06,1.33130534784091e-05,4.07099381021868e-06,8.08701429904464e-06,5.06607848478478e-12,1.2391971884645e-10,4.20097360252428e-06,2.24156962552641e-06,0,3.84028947136678e-29,1.45760896565199e-25,3.40080744218253e-32,2.80737001866433e-28,0,2.67599789407077e-25,2.84422990943222e-24,8.57423785671464e-25,1.70244125522059e-24,1.86368264152633e-30,4.59126146561047e-29,8.99440063897522e-25,4.79579430760657e-25,0
"34",2.08343393430223e-10,1.80347212750678e-06,0,2.03988917608817e-07,3.56656680761159e-09,9.71479543349616e-07,1.41727215201514e-05,6.75697518004153e-06,1.09386866777834e-05,6.50658971090809e-11,1.40059670012220e-09,2.61210270450204e-06,5.47441019403218e-06,0,5.57810550618441e-30,2.76011535854513e-26,0,5.30545274188172e-27,9.8226720992728e-29,1.57534753701836e-26,2.29720408358893e-25,1.08247466573053e-25,1.75095953929485e-25,1.79799676913568e-30,3.85421808664733e-29,4.23157989039987e-26,8.87966486567453e-26,0
"35",2.49524287355394e-09,2.37597691543967e-07,1.76341113308546e-11,3.75218529734623e-09,5.14776395312708e-10,0,0,1.22370617309249e-06,3.34037399918949e-06,2.93479268389794e-12,9.99779054337545e-12,2.00288474030837e-08,1.82931660656366e-06,0,1.62031771270321e-29,9.00726553788584e-28,1.14525941241598e-31,2.39496084226436e-29,3.47464201033523e-30,0,0,4.84259584746722e-27,1.32212273243860e-26,1.97991195556305e-32,6.74400462487236e-32,8.02406696800015e-29,7.3125609877767e-27,0
"36",1.81935614152456e-10,3.42139058656218e-07,6.13308467669024e-12,9.06885710901742e-13,1.70903730810369e-11,0,0,7.13552585169511e-06,1.77309640753568e-05,1.57534878426109e-12,1.91243470236872e-12,2.90696990129687e-06,1.44989558189504e-06,0,6.46236439515673e-31,7.19640960634336e-28,2.18310435146845e-32,3.1995690491554e-33,6.28808510629064e-32,0,0,1.56662261826242e-26,3.88809382917729e-26,5.75477702580198e-33,7.03669572677354e-33,6.4477453026609e-27,3.21064190938864e-27,0
"37",1.73070392903658e-12,9.73286365870136e-08,2.14876424544226e-15,1.40055142102394e-11,0,1.42538867921631e-07,1.39340671969793e-06,4.7335925267354e-07,9.05911316449903e-07,5.5200018203938e-14,2.25986049604025e-12,4.25520288028710e-07,2.57695774912655e-07,0,2.04491355443294e-34,6.99747017236153e-30,2.55057209178458e-37,1.64626451071012e-33,0,1.06860285293221e-29,1.04396276040497e-28,3.52658384134241e-29,6.7469532486815e-29,6.73342292049632e-36,2.76747721020867e-34,3.18789009380247e-29,1.93185587363321e-29,0
"38",4.23960119627017e-12,2.64402814777487e-07,0,2.55450523998536e-09,3.9334431570231e-11,1.08828560841405e-07,1.5127992313921e-06,7.59119565511884e-07,1.16032770703787e-06,9.3822678249797e-13,1.46393429757520e-11,2.28404335040185e-07,6.12078733069375e-07,0,3.55592241652819e-35,1.37152474591367e-30,0,2.12371074475871e-32,3.38840644153144e-34,5.85459777382098e-31,8.13304756139418e-30,4.06141036781245e-30,6.20506684802772e-30,8.10163187617252e-36,1.26085824519044e-34,1.22484564392399e-30,3.29169022181556e-30,0
"39",4.10057192176477e-11,2.82911980894257e-08,3.00221765789203e-13,6.15075829141643e-11,1.01596110548975e-11,0,0,1.31032914572562e-07,3.64687113518297e-07,5.38753001977207e-14,1.83441223438516e-13,2.16126695181016e-09,1.95274559711329e-07,0,8.13314101689657e-35,3.53735869474836e-32,5.95868922375011e-37,1.21932826930304e-34,2.08163925142170e-35,0,0,1.68731047466276e-31,4.69735506624806e-31,1.10259950986397e-37,3.75462392703869e-37,2.79120058601869e-33,2.52472909908120e-31,0
"40",3.74532399375149e-12,3.22158402414747e-08,1.39281559983605e-13,2.55357080496304e-14,3.42166520689242e-13,0,0,7.88239866067276e-07,1.78047897143750e-06,1.92119955228978e-14,4.11266664480922e-14,3.59487393731094e-07,1.65213828982812e-07,0,3.97479475900891e-36,2.19076142470901e-32,1.47852028376498e-37,2.72114820924713e-38,3.7383973209586e-37,0,0,5.51253376834366e-31,1.24403086627124e-30,2.09034029843463e-38,4.5002853354282e-38,2.52520438528741e-31,1.15968234583517e-31,0
"41",5.89496416018933e-14,1.08865691775776e-08,1.91588029667561e-17,1.76198683052523e-13,0,1.41832357386735e-08,1.45998928598484e-07,4.52788440229257e-08,9.0872239325196e-08,8.96477649594742e-16,2.44478903817206e-14,4.65095302897573e-08,2.67881955757825e-08,0,1.93604035831372e-39,2.32403585184144e-34,6.15113850604643e-43,5.72507134469697e-39,0,3.10881958648426e-34,3.20220516093049e-33,9.88750246879158e-34,1.985736026908e-33,3.00445591549450e-41,8.13783500239432e-40,1.02069694993056e-33,5.87559149075292e-34,0
"42",4.98473871862351e-14,2.55359481131902e-08,0,5.97984827933812e-11,7.70997149444257e-13,9.23577113740156e-09,1.52612144771389e-07,7.40525655318951e-08,1.18546375551224e-07,1.51685866297799e-14,2.53874294895087e-13,3.61025931610702e-08,6.07479626240038e-08,0,1.10429156116354e-40,3.79546862300497e-35,0,1.34707039644605e-37,1.77287225860284e-39,1.40457377099575e-35,2.32702999969354e-34,1.12574335261329e-34,1.80320034570793e-34,3.47979368274513e-41,5.82684587775888e-40,5.53236067297106e-35,9.26129336708798e-35,0
"43",8.96914130963214e-13,4.18425476068348e-09,5.09300030146975e-15,9.98113326747596e-13,1.32401379316836e-13,0,0,1.33250278239214e-08,3.41491073671448e-08,1.12324016583629e-15,3.64404176879111e-15,3.86807681738167e-10,2.19722663499640e-08,0,4.67667759676386e-40,1.48292465395053e-36,2.64347710196436e-42,5.21336293267460e-40,7.03160735581572e-41,0,0,4.79302147823500e-36,1.22664101008229e-35,6.01745843442977e-43,1.95077833310484e-42,1.40427558970382e-37,7.93327593518914e-36,0
"44",7.36767597560929e-14,3.49951973508780e-09,3.17225895621703e-15,2.42427427623108e-16,7.59091362314934e-15,0,0,7.43768459923002e-08,1.91298705891617e-07,5.54589654133833e-16,4.61705322247469e-16,3.07567172840721e-08,1.58387119891958e-08,0,2.0272940964428e-41,6.639561550031e-37,8.74961463580993e-43,6.61770048231415e-44,2.14812565915250e-42,0,0,1.43487042392276e-35,3.69705026725154e-35,1.57321820219675e-43,1.29014203751422e-43,5.93616171558027e-36,3.06211850127394e-36,0
"45",4.69492064739926e-16,1.2040655615297e-09,9.27368754133082e-19,6.85730662995117e-15,0,1.37492047425277e-09,1.41852956312222e-08,4.86001043835275e-09,9.41766562127113e-09,2.5050054768762e-17,7.6401758499942e-16,4.36397667512981e-09,2.41174839327970e-09,0,3.82126693460100e-45,6.8713666166872e-39,7.46628188966942e-48,5.63961839080664e-44,0,7.96529363272965e-39,8.24819870146758e-38,2.81370703495534e-38,5.46081277848541e-38,2.11103342912149e-46,6.31124168056581e-45,2.54073984245449e-38,1.39647885976963e-38,0
"46",2.17279804540316e-15,3.02270077581937e-09,0,1.53056320073536e-12,1.97891994789561e-14,1.12977198827757e-09,1.51478847429172e-08,7.76424626031951e-09,1.22423043107311e-08,3.98175610431581e-16,8.15347440857594e-15,2.0956291524507e-09,5.9163437779218e-09,0,1.18633922430180e-45,1.17505750584033e-39,0,8.61815337515598e-43,1.12580313556150e-44,4.47779353462193e-40,6.01483378414484e-39,3.07633966673808e-39,4.8627266106845e-39,2.24086373182132e-46,4.64484061850857e-45,8.40362895566174e-40,2.34430707061852e-39,0
"47",2.36382500999635e-14,2.99447347270597e-10,1.84288682025985e-16,3.78201456524656e-14,4.32590535049777e-15,0,0,1.35152850473978e-09,3.82411747188576e-09,1.98600432808753e-17,6.95166892869481e-17,1.40682465243725e-11,1.84791987502417e-09,0,3.00477640129127e-45,2.74364028598258e-41,2.33971469134805e-47,4.86580914252417e-45,5.54714104020026e-46,0,0,1.25305622410003e-40,3.54303007787243e-40,2.54857940964756e-48,8.92423490665497e-48,1.30052941428664e-42,1.71316003922117e-40,0
"48",2.14953440024105e-15,4.59279921778693e-10,6.77608639582198e-17,1.36603940064994e-17,1.31132900406921e-16,0,0,7.7604267822919e-09,1.80308236549064e-08,1.05004157609331e-17,2.00575692017044e-17,3.23293698381498e-09,1.51597345260929e-09,0,1.42683796193887e-46,2.26524451032028e-41,4.47323299363865e-48,9.07795216787473e-49,8.82421251627388e-48,0,0,3.82964068508187e-40,8.93377327756768e-40,7.23382477048956e-49,1.34998723393778e-48,1.58778512048914e-40,7.47084525904192e-41,0
"49",6.19032491670154e-18,1.35072186708960e-10,4.81222806697049e-21,2.83959454208756e-17,0,1.45736683207717e-10,1.4451987332758e-09,4.88373146022051e-10,9.48875416914116e-10,1.00510161095610e-19,3.73529072937839e-18,4.47800362668758e-10,2.68047251169538e-10,0,1.11201961649464e-50,1.95752166978487e-43,8.61551250405404e-54,5.17535928719721e-50,0,2.12464253922565e-43,2.10800124867543e-42,7.1174796294527e-43,1.3832364977074e-42,1.81854116769531e-52,6.73472868551056e-51,6.53305709212241e-43,3.90779257423046e-43,0
"50",1.01531178568306e-17,3.36875318097957e-10,0,6.04683656588738e-15,7.80710635597275e-17,1.03625049262637e-10,1.53116552662426e-09,7.75226999409024e-10,1.20191541198272e-09,1.75967040597038e-18,2.75083810485319e-17,2.79329860388782e-10,6.17337348701105e-10,0,1.47181672693938e-51,3.26946125792138e-44,0,9.23970938204163e-49,1.16343094742495e-50,1.01216645058161e-44,1.49627098882e-43,7.57155122865663e-44,1.17432237676888e-43,2.61745585582591e-52,4.10080406614355e-51,2.73375220708455e-44,6.0311096750732e-44,0
"51",1.48880532057213e-16,4.0988400838566e-11,1.00267581750670e-18,1.59114635310206e-16,2.36056818249907e-17,0,0,1.35148396672368e-10,3.65954293637852e-10,1.45165813659442e-19,4.85480827701266e-19,2.79362014643498e-12,2.05724669846757e-10,0,4.00351088384769e-51,9.17796027774484e-46,2.69498571763952e-53,4.35761645824959e-51,6.31778550157617e-52,0,0,3.03948861297669e-45,8.22864730374209e-45,3.88911286490719e-54,1.30054877160196e-53,6.28808461219792e-47,4.62810372115051e-45,0
"52",1.61277315252761e-17,3.88878220019556e-11,6.36707972039544e-19,7.09746707817357e-20,1.19326085507882e-18,0,0,7.70553557603668e-10,1.81848674421604e-09,7.30451760278397e-20,1.15160460273919e-19,3.36949763588056e-10,1.60543127257221e-10,0,2.27069784867748e-52,4.61699436649652e-46,8.96220100743792e-54,1.01608754688259e-54,1.67161854272022e-53,0,0,9.17273481919846e-45,2.1662063354406e-44,1.02626181391686e-54,1.61117880924549e-54,4.00879429414856e-45,1.9111272067083e-45,0
"53",1.46812103864030e-11,0.000320342343432657,1.14128634004226e-14,6.73449058739915e-11,0,0.000345634669581949,0.00342748836917118,0.00115824435717013,0.00225038908517015,2.38373726883817e-13,8.85875778578759e-12,0.00106202039859171,0.000635711071853374,0,7.10729252394103e-12,0.000125111813881222,5.50646469735893e-15,3.30774671822371e-11,0,0.000135793072452138,0.00134729471431419,0.00045490213490272,0.000884073111047096,1.16229101123074e-13,4.30439230813074e-12,0.000417549718913121,0.000249760206888168,0
"54",4.1356900434826e-11,0.00137220105055262,0,2.46307017536319e-08,3.1800844312158e-10,0.000422098010221128,0.00623692752578809,0.00315774782495788,0.00489578637078569,7.16770107508078e-12,1.12050445211961e-10,0.00113779997311868,0.0025146127155172,0,2.41176138908762e-11,0.000535743362651522,0,1.51404546001714e-08,1.90643154579713e-10,0.000165856517334113,0.00245183284874887,0.00124069624801356,0.00192427855642208,4.28903874726938e-12,6.71969595800487e-11,0.000447960530662668,0.000988275046849185,0
"55",8.1363902462731e-10,0.000224003514888758,5.47966992662304e-12,8.69568874377582e-10,1.29006147884851e-10,0,0,0.000738592266759185,0.00199995721683245,7.93337915999049e-13,2.65317527864773e-12,1.52672638908295e-05,0.00112429487860486,0,3.82233385338017e-10,8.7626159369615e-05,2.57302538740931e-12,4.16041454404790e-10,6.03187704534482e-11,0,0,0.000290193796380505,0.000785626368183877,3.71311286379324e-13,1.24169303940758e-12,6.00352025595678e-06,0.000441866103116639,0
"56",1.00111627591567e-10,0.000241393102805900,3.95231476178195e-12,4.40569698137604e-13,7.4070730998978e-12,0,0,0.00478315072874795,0.0112881137332822,4.53422196940643e-13,7.14849518306245e-13,0.00209158921057973,0.000996558861559136,0,4.65355284084981e-11,9.46203708384677e-05,1.83670742378694e-12,2.08236295863915e-13,3.42580375580291e-12,0,0,0.00187985408103083,0.00443940863907879,2.10321403280936e-13,3.30193897406837e-13,0.000821559596173608,0.000391665119477811,0
"57",7.15900874010332e-12,0.000156208757731825,5.56526244654198e-15,3.28394428704503e-11,0,0.000168542072165356,0.00167134851593874,0.000564795494234989,0.00109735878073698,1.16238344745250e-13,4.31980216519806e-12,0.000517873738988689,0.000309992228147192,0,3.46628324979107e-12,6.1018029488251e-05,2.68554675099222e-15,1.61321445618120e-11,0,6.62273644841493e-05,0.000657086377833472,0.000221859399369866,0.000431169507388445,5.66858596299601e-14,2.09928645935763e-12,0.000203642328178855,0.000121810044919996,0
"58",2.01668938652846e-11,0.000669127344103952,0,1.20106860734343e-08,1.55070676314437e-10,0.000205827943665457,0.00304131726835417,0.00153981474843877,0.00238733568252616,3.49519101575409e-12,5.46392358322058e-11,0.000554826185148192,0.00122620233172568,0,1.17623526502209e-11,0.000261286310910977,0,7.38412046472168e-09,9.29781870073584e-11,8.08895463310872e-05,0.00119577843549813,0.000605097455617789,0.00093848599949836,2.09179840526965e-12,3.27724931321742e-11,0.000218473923617614,0.000481989622565905,0
"59",3.96755358399519e-10,0.000109230988365081,2.67205522331509e-12,4.24028469584255e-10,6.29073568137177e-11,0,0,0.000360160256132481,0.000975240516163206,3.86855914806087e-13,1.29376968989264e-12,7.44478641441847e-06,0.000548240686601701,0,1.86418270620642e-10,4.27359768073815e-05,1.25488500320211e-12,2.02906735548628e-10,2.94179454365336e-11,0,0,0.000141529829002909,0.000383156245709152,1.81091475846746e-13,6.05583598730792e-13,2.92796471130264e-06,0.000215501622695890,0
"60",4.88175019668524e-11,0.000117710685107314,1.92726997151690e-12,2.14835305576229e-13,3.61191616120861e-12,0,0,0.00233241108676244,0.0055044306803676,2.21102578426453e-13,3.48582563339106e-13,0.00101992308843377,0.000485952684564536,0,2.26957483597578e-11,4.61471095247017e-05,8.9577685966826e-13,1.01558502329855e-13,1.67079181499995e-12,0,0,0.000916819828532306,0.00216513500081516,1.02575425847395e-13,1.61038197303563e-13,0.000400681167593564,0.000191018202585610,0
"61",3.49095236645763e-12,7.61721842034587e-05,2.71379276279989e-15,1.60135201623031e-11,0,8.21862868217186e-05,0.000815000828844857,0.000275411616152851,0.000535105818632026,5.66813841682349e-14,2.10646810734433e-12,0.000252531128300136,0.000151161723881105,0,1.69053398707160e-12,2.975897964491e-05,1.30976256966181e-15,7.86777556846782e-12,0,3.22996138706728e-05,0.000320466267214662,0.000108202598563939,0.000210284807646062,2.7646145852793e-14,1.02383874957627e-12,9.93179876495934e-05,5.94077304318346e-05,0
"62",9.83399635605126e-12,0.000326287028017721,0,5.85677912864653e-09,7.56172207774475e-11,0.000100368022041508,0.00148303963586951,0.000750860927135996,0.00116413814439947,1.70436240415766e-12,2.66437682302819e-11,0.000270550275091267,0.000597933888209201,0,5.73659320089278e-12,0.000127431417781044,0,3.60129444441545e-09,4.53462033726505e-11,3.94504768990669e-05,0.000583190680201546,0.000295110855200329,0.000457707107068778,1.02018676587485e-12,1.59834062852049e-11,0.000106551475037916,0.000235070183145762,0
"63",1.93470088889647e-10,5.32643821465821e-05,1.30297613032424e-12,2.06769294895315e-10,3.06755577635002e-11,0,0,0.000175625193947106,0.000475557205104931,1.88642816386749e-13,6.30881805644601e-13,3.63030633076315e-06,0.000267338983895827,0,9.09176774039747e-11,2.08426767396855e-05,6.12017424688962e-13,9.89592332569414e-11,1.43473666190653e-11,0,0,6.90252264087968e-05,0.000186868356984132,8.83197571076546e-14,2.95347951073888e-13,1.42799174236604e-06,0.000105101860172114,0
"64",2.38049121327478e-11,5.73993425138345e-05,9.39795984628528e-13,1.04760288138601e-13,1.76128116729130e-12,0,0,0.00113735522590909,0.00268412932673050,1.07816402718426e-13,1.69979555630066e-13,0.000497345798619779,0.000236965442528922,0,1.10688974902751e-11,2.25063133722052e-05,4.36877518936957e-13,4.95308915897332e-14,8.14858493964304e-13,0,0,0.000447140342685046,0.00105595360843547,5.00268532999477e-14,7.85396132225555e-14,0.000195415401161252,9.3161100911117e-05,0
"65",1.70229550867963e-12,3.71438946866648e-05,1.32332863547183e-15,7.80868387445245e-12,0,4.00765556917735e-05,0.000397419415928779,0.000134299156218776,0.000260934019174247,2.76395824309803e-14,1.02717849511874e-12,0.000123141928156223,7.37110956080412e-05,0,8.24486908741933e-13,1.45136917224882e-05,6.38781651540156e-16,3.83717689601624e-12,0,1.57527792978121e-05,0.000156293954473861,5.27712703146312e-05,0.000102557577864391,1.34832458306753e-14,4.99334324032491e-13,4.84381747104235e-05,2.8973623951781e-05,0
"66",4.79535842142265e-12,0.000159107568373558,0,2.85594524342949e-09,3.68732774887169e-11,4.89425277692029e-05,0.00072317563986022,0.000366142831448498,0.000567669485764068,8.31099413912677e-13,1.29923190669982e-11,0.000131928617126118,0.000291570914047941,0,2.7977822576091e-12,6.21493188107347e-05,0,1.75638002350309e-09,2.21157050540364e-11,1.92403122301316e-05,0.000284426746107243,0.000143927917806483,0.000223227406666961,4.97553222454060e-13,7.79523472466977e-12,5.19660042020699e-05,0.000114645603177123,0
"67",9.4341952799227e-11,2.59733473799099e-05,6.35371148538028e-13,1.00827053790573e-10,1.49583433760905e-11,0,0,8.56402343783674e-05,0.000231896287714698,9.19880265813238e-14,3.07637329737119e-13,1.77024877834704e-06,0.000130362692987025,0,4.43412764050066e-11,1.0165139681562e-05,2.98485779308163e-13,4.8263207331798e-11,6.99732513087854e-12,0,0,3.36641534463221e-05,9.11371881132173e-05,4.30742499561735e-14,1.44043551355031e-13,6.96442962032282e-07,5.12590154702777e-05,0
"68",1.16080057114070e-11,2.79896809539153e-05,4.58273363761669e-13,5.10843315136048e-14,8.58854749612175e-13,0,0,0.000554609312759826,0.00130886383369507,5.25745867726662e-14,8.28872478744357e-14,0.000242521074588661,0.000115551622074578,0,5.39838958857427e-12,1.09765085359628e-05,2.13068650403846e-13,2.41566108734621e-14,3.97412986599886e-13,0,0,0.000218073911399327,0.00051499699683765,2.43984953551917e-14,3.83043957795978e-14,9.53056497273377e-05,4.5435411942386e-05,0
"69",8.3009153224607e-13,1.8112502968392e-05,6.45295654651606e-16,3.8077539000247e-12,0,1.95425584757211e-05,0.000193793903720357,6.54883901159244e-05,0.000127239435625063,1.34779086320739e-14,5.00883757582532e-13,6.00477833053906e-05,3.59437923585161e-05,0,4.02108841280598e-13,7.07844321038243e-06,3.11538906207808e-16,1.87142177648417e-12,0,7.68275610349911e-06,7.62258081556977e-05,2.57369694219893e-05,5.00181486962856e-05,6.57588653038432e-15,2.43529332387717e-13,2.36236841362051e-05,1.41306674871621e-05,0
"70",2.33836393235586e-12,7.75857332347629e-05,0,1.39264654758331e-09,1.79805417176272e-11,2.38658785509251e-05,0.000352642635731453,0.000178542481272091,0.000276813062623145,4.05269580061741e-13,6.33545350191254e-12,6.43324425042199e-05,0.000142178925789548,0,1.36450072139926e-12,3.03107184703465e-05,0,8.56600545879958e-10,1.07860057438044e-11,9.38365373022162e-06,0.000138717192588188,7.01947934448152e-05,0.000108869786633592,2.42660674942326e-13,3.80179814792955e-12,2.53442347163059e-05,5.59135750521631e-05,0
"71",4.60040314709746e-11,1.26654012856274e-05,3.0982647110663e-13,4.91663657373982e-11,7.29414729088534e-12,0,0,4.17608065195397e-05,0.000113079746618479,4.48561848068375e-14,1.5001340314623e-13,8.63227631972434e-07,6.35688498369224e-05,0,2.16255941568877e-11,4.95761969713423e-06,1.45573895211367e-13,2.35383511501564e-11,3.41265127512397e-12,0,0,1.64182761320591e-05,4.44483335286629e-05,2.10076552523276e-14,7.02511888487044e-14,3.39660787226015e-07,2.49994306730577e-05,0
"72",5.66041982615392e-12,1.36486274161267e-05,2.23468156247175e-13,2.49102877870982e-14,4.18803933539929e-13,0,0,0.000270444521459044,0.000638242173390987,2.5636981986269e-14,4.04183658130644e-14,0.000118260718765223,5.6346517118995e-05,0,2.63283765845977e-12,5.35333075868659e-06,1.03915280180547e-13,1.17813717896575e-14,1.93821483224497e-13,0,0,0.000106356385888667,0.000251168142836084,1.1899340780603e-14,1.86813593273299e-14,4.64813255044048e-05,2.21592127850001e-05,0
"73",4.04778106029947e-13,8.83221230696058e-06,3.14665964863502e-16,1.85677765885611e-12,0,9.52955125970006e-06,9.44998548483236e-05,3.19341488116953e-05,6.20458536967277e-05,6.57224187623484e-15,2.44246291956293e-13,2.92811419626040e-05,1.75272962429171e-05,0,1.96111689005162e-13,3.45221320947413e-06,1.51940009308574e-16,9.12707326351094e-13,0,3.74694142728521e-06,3.71759345942006e-05,1.25521252582915e-05,2.43942500505601e-05,3.20711230838133e-15,1.18771197730337e-13,1.15214591694161e-05,6.891639235915e-06,0
"74",1.14025801610895e-12,3.78331845751228e-05,0,6.79097195913583e-10,8.76786395129262e-12,1.16377348079254e-05,0.000171959371529250,8.70627932074613e-05,0.000134982544527066,1.97621884667431e-13,3.08936155800316e-12,3.13704732810348e-05,6.93308075830429e-05,0,6.65477884719372e-13,1.47827791481749e-05,0,4.17770918242597e-10,5.26042102755160e-12,4.57648276574251e-06,6.76534811965012e-05,3.42345606179423e-05,5.30966632575149e-05,1.18347546566040e-13,1.85416727887086e-12,1.23605854099827e-05,2.72694965046661e-05,0
"75",2.24329775755899e-11,6.17603835884665e-06,1.51080895661163e-13,2.39750288136419e-11,3.556850071123e-12,0,0,2.03638508677756e-05,5.51411547865372e-05,2.18732523155755e-14,7.3151139176586e-14,4.20936285179377e-07,3.09981220623557e-05,0,1.05469747502715e-11,2.41787066694165e-06,7.09975497530525e-14,1.14798415915271e-11,1.66437724527216e-12,0,0,8.0073242173862e-06,2.16778067699538e-05,1.02456010180020e-14,3.42620651062137e-14,1.65655274973758e-07,1.21924217280257e-05,0
"76",2.76019442140959e-12,6.65548959457454e-06,1.08969931061676e-13,1.21470208036449e-14,2.04221650782882e-13,0,0,0.000131877048409543,0.000311226470934602,1.25013791968783e-14,1.97092355807672e-14,5.76675558055652e-05,2.74762909809441e-05,0,1.28405592484010e-12,2.61086210774636e-06,5.06803109445458e-14,5.74586898688761e-15,9.45282832369192e-14,0,0,5.18708576680024e-05,0.000122496706511115,5.80340340466086e-15,9.11104794146632e-15,2.26693131711237e-05,1.08072248112015e-05,0
"77",1.97382226846546e-13,4.30685777506053e-06,1.53440781337566e-16,9.05421769617208e-13,0,4.64690164924273e-06,4.60810293560135e-05,1.55720709964364e-05,3.02554624047504e-05,3.2048268361861e-15,1.1910198769935e-13,1.42783834379645e-05,8.54684754804928e-06,0,9.56452348622184e-14,1.68367191619014e-06,7.41023543726846e-17,4.45134642571051e-13,0,1.82741321869007e-06,1.81309998069070e-05,6.121771600864e-06,1.18972703116748e-05,1.56413425186792e-15,5.7925660420405e-14,5.61910752900229e-06,3.36110742122781e-06,0
"78",5.56024802345803e-13,1.84486218718106e-05,0,3.31148633727614e-10,4.27547954203249e-12,5.67491664598067e-06,8.3852666865991e-05,4.2454489861904e-05,6.5821631227738e-05,9.6366495836074e-14,1.50646750594674e-12,1.52972055088934e-05,3.38078294896661e-05,0,3.24558872051330e-13,7.20967929405921e-06,0,2.03750208856067e-10,2.56554929084865e-12,2.23198714565564e-06,3.29951423656125e-05,1.66964682590733e-05,2.58956661554807e-05,5.77190423686491e-14,9.04292170247822e-13,6.02835608917318e-06,1.32995509395392e-05,0
"79",1.09390083176608e-11,3.01162584190918e-06,7.36716812874382e-14,1.16909598257685e-11,1.73442925182721e-12,0,0,9.93003863493336e-06,2.68885193159424e-05,1.06660691033157e-14,3.56707404178821e-14,2.05261450882601e-07,1.51156356274767e-05,0,5.14384370555828e-12,1.17921480855746e-06,3.46260712720393e-14,5.59881030433514e-12,8.11730057147168e-13,0,0,3.90523588509645e-06,1.05724392580977e-05,4.99686133265415e-15,1.67098824173717e-14,8.0791398826887e-08,5.94634132025418e-06,0
"80",1.34595550824316e-12,3.24542097846060e-06,5.3137082593783e-14,5.92326012711117e-15,9.95847443360009e-14,0,0,6.43072960154117e-05,0.000151763578542261,6.09605615465369e-15,9.6108281313199e-15,2.81204699862344e-05,1.33982827097402e-05,0,6.26244315831282e-13,1.27333827348606e-06,2.47171918602657e-14,2.80230613241997e-15,4.61021976669604e-14,0,0,2.52978309927778e-05,5.97426207664526e-05,2.83036612684712e-15,4.44353074833566e-15,1.10560048379382e-05,5.27076973595873e-06,0
"81",9.62496313276861e-14,2.10015602545933e-06,7.4822433966431e-17,4.41511441602435e-13,0,2.26597185421032e-06,2.24705241073441e-05,7.59341971342131e-06,1.47534919867424e-05,1.56277191913434e-15,5.80777843557784e-14,6.962577957578e-06,4.167705160978e-06,0,4.66469438831264e-14,8.21140222043006e-07,3.61403092481254e-17,2.17095715456804e-13,0,8.91244001714423e-07,8.84263321383567e-06,2.98563683535501e-06,5.80239362045105e-06,7.62840749752608e-16,2.82508065866126e-14,2.7404835583938e-06,1.63923889662700e-06,0
"82",2.71134757621515e-13,8.99611419951272e-06,0,1.61478236516854e-10,2.08485503605966e-12,2.76726351565400e-06,4.08891337413551e-05,2.07021121541509e-05,3.20966474047435e-05,4.69912607874979e-14,7.34599788294211e-13,7.45938686627296e-06,1.64857351969153e-05,0,1.58289950494226e-13,3.51621809418722e-06,0,9.93706019162972e-11,1.25123885128213e-12,1.08855793266901e-06,1.60919940921435e-05,8.1430007365171e-06,1.2629522920938e-05,2.81500373148409e-14,4.4103050382245e-13,2.94007734524624e-06,6.48629706687595e-06,0
"83",5.33419616591872e-12,1.46856118512660e-06,3.59245727261933e-14,5.70087079811814e-12,8.45760931566085e-13,0,0,4.84219158407341e-06,1.31116672075995e-05,5.20110262869762e-15,1.73941477368980e-14,1.00091782775335e-07,7.37084781984631e-06,0,2.50869360112296e-12,5.75112467235524e-07,1.68874111276608e-14,2.73058444003839e-12,3.95887223012593e-13,0,0,1.90461468827889e-06,5.15626294912324e-06,2.43700912556551e-15,8.14954292850697e-15,3.94026095784702e-08,2.90007808831658e-06,0
"84",6.5632921221721e-13,1.58256686871216e-06,2.59112722112341e-14,2.88836341853445e-15,4.85605775217734e-14,0,0,3.13582110813644e-05,7.40045784113039e-05,2.97262406454888e-15,4.68653474617278e-15,1.37124041621060e-05,6.53341383284314e-06,0,3.05424347588153e-13,6.21017231784793e-07,1.20547716079657e-14,1.36670705122573e-15,2.24844095009798e-14,0,0,1.23379539439144e-05,2.913695263897e-05,1.38039213430687e-15,2.16714538637657e-15,5.39210173920123e-06,2.57059643847735e-06,0
"85",4.6934274066721e-14,1.02410053027840e-06,3.64857150482348e-17,2.15294528591104e-13,0,1.10495741714484e-06,1.09573171588200e-05,3.70278448880502e-06,7.19425546669871e-06,7.62055548106067e-16,2.83205100169349e-14,3.39516668858011e-06,2.03230094033994e-06,0,2.27500865753541e-14,4.00476635485253e-07,1.76259170657552e-17,1.05879311925669e-13,0,4.34666807960007e-07,4.31262274486609e-06,1.45611889724382e-06,2.82987364703422e-06,3.72043517868221e-16,1.37781436931714e-14,1.33655568879285e-06,7.99469884016178e-07,0
"86",1.32213628745211e-13,4.38678136789909e-06,0,7.87417437755188e-11,1.01663929827086e-12,1.34940261554210e-06,1.99387964701278e-05,1.00949852191633e-05,1.56513102973706e-05,2.29143808876780e-14,3.58213401106693e-13,3.63742595916467e-06,8.03895041726613e-06,0,7.71992713343605e-14,1.71488760895056e-06,0,4.84638351079323e-11,6.10239167316855e-13,5.30898385809719e-07,7.84819386418105e-06,3.97140640559623e-06,6.15951905823977e-06,1.37289977156196e-14,2.15094094255598e-13,1.43389917054747e-06,3.16341881248669e-06,0
"87",2.60111775311150e-12,7.16115502944829e-07,1.75179241603599e-14,2.77991955675032e-12,4.12418986020881e-13,0,0,2.36120121974014e-06,6.39365131797755e-06,2.53621725981842e-15,8.48192025028335e-15,4.88078250254343e-08,3.59425160292795e-06,0,1.22350987793713e-12,2.80486937214047e-07,8.23612509643645e-15,1.33172780981819e-12,1.93077356153892e-13,0,0,9.2889577417117e-07,2.51475056526216e-06,1.18854878747155e-15,3.97459708480846e-15,1.92169669560996e-08,1.41439121391949e-06,0
"88",3.20046266144365e-13,7.71708173012849e-07,1.26351315283392e-14,1.40845464465476e-15,2.36796278885025e-14,0,0,1.52912260840161e-05,3.60869035801613e-05,1.44954272154947e-15,2.28529816858439e-15,6.68658909317611e-06,3.18589309062383e-06,0,1.48957890301683e-13,3.02875057008855e-07,5.87920825884037e-15,6.66553929372842e-16,1.09658258432668e-14,0,0,6.01731854266914e-06,1.42103241905701e-05,6.73228253540075e-16,1.05693408950807e-15,2.62977102417033e-06,1.25370038543535e-06,0
"89",2.28865924137461e-14,4.99382847465876e-07,1.7791554377638e-17,1.04984219373875e-13,0,5.38811146941136e-07,5.34312411875296e-06,1.80559135251034e-06,3.50813975204201e-06,3.71601672188299e-16,1.38099498201589e-14,1.65558747255361e-06,9.91012308350862e-07,0,1.10953986714085e-14,1.95315649220735e-07,8.59630033257105e-18,5.16381848912339e-14,0,2.11990469028348e-07,2.10330050899722e-06,7.10160799800844e-07,1.38015194797423e-06,1.81448590983964e-16,6.71971056995022e-15,6.51848869435118e-07,3.89907838792746e-07,0
"90",6.44714229164895e-14,2.13912922212448e-06,0,3.83968907919200e-11,4.95744521759202e-13,6.58010127525397e-07,9.72276906602926e-06,4.92262460063493e-06,7.63205922835347e-06,1.11737553465533e-14,1.74675847688964e-13,1.77372052765186e-06,3.92003893301376e-06,0,3.76507003505166e-14,8.36364364370284e-07,0,2.36361989167306e-11,2.97618509004881e-13,2.58923377062990e-07,3.82762674265714e-06,1.93688657888502e-06,3.00404657138080e-06,6.69574168472301e-15,1.04903105301445e-13,6.99324061872432e-07,1.54282458543247e-06,0
"91",1.26838484283349e-12,3.4919989630103e-07,8.54227743297197e-15,1.35557408958539e-12,2.01108154423188e-13,0,0,1.15139417829731e-06,3.11774059916521e-06,1.23673737055474e-15,4.13604461801568e-15,2.38001933591341e-08,1.75266738656117e-06,0,5.9671552585762e-13,1.36795716368114e-07,4.0168238986639e-15,6.49494274353307e-13,9.41653665296265e-14,0,0,4.53029877687634e-07,1.22646390765654e-06,5.79664723197245e-16,1.93844269858483e-15,9.37226805388057e-09,6.89809875834721e-07,0
"92",1.56064381359657e-13,3.763085883249e-07,6.16127789623605e-15,6.86805709184649e-16,1.15469132690305e-14,0,0,7.45647111519859e-06,1.75970816665708e-05,7.06841516441777e-16,1.11438152114420e-15,3.26058604839977e-06,1.55353924373527e-06,0,7.264795114844e-14,1.47714580953700e-07,2.86733675882971e-15,3.25083667611072e-16,5.34812072425643e-15,0,0,2.93469424578370e-06,6.93048844548767e-06,3.28338788740057e-16,5.15475185276812e-16,1.28256030283849e-06,6.11439677155915e-07,0
"93",1.11602048338560e-14,2.43514402121569e-07,8.67570792442958e-18,5.11935272562116e-14,0,2.62740850971605e-07,2.60547129690588e-06,8.80461755772411e-07,1.71067660535897e-06,1.81204379544679e-16,6.73415534964818e-15,8.07315260395285e-07,4.83248015000489e-07,0,5.41131442597936e-15,9.5256999910353e-08,4.19248423398813e-18,2.5184354623812e-14,0,1.03389442524430e-07,1.02579643360049e-06,3.46351086115549e-07,6.73111112749986e-07,8.84939250083307e-17,3.27725643957971e-15,3.17911892595818e-07,1.90161162779903e-07,0
"94",3.14382443952655e-14,1.04310505703145e-06,0,1.87235023228556e-11,2.41740242849420e-13,3.20865932034708e-07,4.74112058132311e-06,2.40042282704645e-06,3.72162630210462e-06,5.44866602142266e-15,8.51773040081495e-14,8.64920563478927e-07,1.91153128688776e-06,0,1.8362546852867e-14,4.07901571121955e-07,0,1.15275627276929e-11,1.4515092056734e-13,1.26278996097252e-07,1.86676409052147e-06,9.44635032611748e-07,1.46509747233474e-06,3.26556662308498e-15,5.11620811346369e-14,3.41065922596938e-07,7.52447855471833e-07,0
"95",6.18503375176027e-13,1.70280586127801e-07,4.16547663261279e-15,6.61019527666963e-13,9.80665079600702e-14,0,0,5.61455136789582e-07,1.52030599734953e-06,6.03071096454949e-16,2.01686228795242e-15,1.16057046925772e-08,8.54654405777485e-07,0,2.91022921204263e-13,6.67163619187905e-08,1.9590370524919e-15,3.16763537794798e-13,4.59252002942872e-14,0,0,2.20946284593446e-07,5.98156229712328e-07,2.82707108754155e-16,9.4539396460054e-16,4.57092988058187e-09,3.36425778183742e-07,0
"96",7.61017818535834e-14,1.83499616304726e-07,3.00442818735236e-15,3.34907541367265e-16,5.63062927636838e-15,0,0,3.63600414945852e-06,8.58087706228685e-06,3.44677615870226e-16,5.43406629270138e-16,1.58996182221949e-06,7.5755341223737e-07,0,3.54309851957301e-14,7.20415792631255e-08,1.39842300639266e-15,1.58545897474342e-16,2.60832113240094e-15,0,0,1.43127379000542e-06,3.38005449058731e-06,1.60133446010923e-16,2.51401359151767e-16,6.25514889052414e-07,2.98204007228336e-07,0
"97",5.44205837557605e-15,1.18745095754771e-07,4.23054143513248e-18,2.49635349823313e-14,0,1.28120502259812e-07,1.27050776439473e-06,4.29340172846999e-07,8.34178412196688e-07,8.83608164969015e-17,3.28378081482945e-15,3.93671696888249e-07,2.35646562645147e-07,0,2.63914120474728e-15,4.64575986006434e-08,2.0447079990494e-18,1.22826106137125e-14,0,5.04238557257171e-08,5.00289102145065e-07,1.68918187102219e-07,3.28281658242447e-07,4.31591930304499e-17,1.59834410410421e-15,1.55048165599242e-07,9.27431157623532e-08,0
"98",1.53302527840386e-14,5.086500379458e-07,0,9.13015434332386e-12,1.17879961246010e-13,1.56464075602739e-07,2.31191589700337e-06,1.17051983770253e-06,1.8147791989168e-06,2.65693676765203e-15,4.15350674640243e-14,4.21761810536783e-07,9.32121318994551e-07,0,8.9555605549077e-15,1.98936849550056e-07,0,5.62208428305425e-12,7.0791261645628e-14,6.1587273564142e-08,9.10435735758628e-07,4.60706039561221e-07,7.14539722483395e-07,1.59264288736488e-15,2.49521550244434e-14,1.66340570701141e-07,3.66974820436541e-07,0
"99",3.01601227155594e-13,8.30340395835386e-08,2.03121424151715e-15,3.22333407900042e-13,4.78202388712969e-14,0,0,2.73782755349325e-07,7.41347861395472e-07,2.94075974445761e-16,9.8348394764567e-16,5.6592977787559e-09,4.16755716980629e-07,0,1.41934199792334e-13,3.25381018196602e-08,9.5543799525608e-16,1.54488103803813e-13,2.23980864706433e-14,0,0,1.07757265204719e-07,2.91725563964873e-07,1.37878511735719e-16,4.61076176745194e-16,2.22927895927447e-09,1.64077535262274e-07,0
"100",3.71095643402686e-14,8.94800443802512e-08,1.46505138787390e-15,1.63311195240095e-16,2.74566763508381e-15,0,0,1.77302720960483e-06,4.18429899646134e-06,1.68075383404236e-16,2.64981749187245e-16,7.75314179288781e-07,3.6940629257144e-07,0,1.72799740680230e-14,3.51352527910022e-08,6.82022053665729e-16,7.73240987179273e-17,1.27209901954395e-15,0,0,6.98043642842743e-07,1.64847953347039e-06,7.80983588010809e-17,1.22610447968345e-16,3.05068600330386e-07,1.45436472720696e-07,0
"101",2.65371467675336e-15,5.79037528908467e-08,2.06294183601732e-18,1.21729857701584e-14,0,6.2475488827127e-08,6.19538576880207e-07,2.09359444418548e-07,4.06770994117248e-07,4.30874458532278e-17,1.60127230216115e-15,1.91966400901417e-07,1.14908495767783e-07,0,1.28713021463992e-15,2.26577413709198e-08,9.97220399180739e-19,5.9903271591261e-15,0,2.45921166046247e-08,2.43994985288275e-07,8.23827470960523e-08,1.60105583011581e-07,2.10490826671354e-17,7.79525167536881e-16,7.56182269854669e-08,4.52315572515961e-08,0
"102",7.47550173183065e-15,2.48033368602931e-07,0,4.45214345561615e-12,5.74818867540246e-14,7.62966850328367e-08,1.12736114240006e-06,5.70781395268177e-07,8.8494203164854e-07,1.29560390736850e-15,2.02537735765385e-14,2.05664002381646e-07,4.54530961268623e-07,0,4.3676983097852e-15,9.70230881926886e-08,0,2.74193534508674e-12,3.45254629167496e-14,3.00366045208606e-08,4.44026769721506e-07,2.24690009962209e-07,3.48486721632946e-07,7.76744638661728e-16,1.21693650171385e-14,8.11256230188673e-08,1.78976546819958e-07,0
"103",1.4707001428387e-13,4.04899459553540e-08,9.90482400654869e-16,1.57179661870446e-13,2.33186160420743e-14,0,0,1.33504873702420e-07,3.61503968644334e-07,1.43400470118010e-16,4.7957695528071e-16,2.7596472766635e-09,2.03222877530288e-07,0,6.92224412679525e-14,1.58690917726493e-08,4.65974730604404e-16,7.53450803809333e-14,1.09237254128823e-14,0,0,5.255407768348e-08,1.42276884270774e-07,6.72444498556579e-17,2.24870528818948e-16,1.08723712857114e-09,8.00219225859662e-08,0
"104",1.80957624379158e-14,4.36332157174407e-08,7.14404018091282e-16,7.96355507011444e-17,1.33887180141418e-15,0,0,8.64582480321769e-07,2.04039260377439e-06,8.19587150594569e-17,1.29213233001298e-16,3.7806698765076e-07,1.80133845068891e-07,0,8.42758117342818e-15,1.71357430155546e-08,3.32627595198337e-16,3.77115796610719e-17,6.2041283775327e-16,0,0,3.40441452023879e-07,8.03976616305546e-07,3.80891924789174e-17,5.97980933823149e-17,1.48784389526725e-07,7.09305277083075e-08,0
"105",1.29403271696268e-15,2.82356469337348e-08,1.00595374943001e-18,5.93592144162912e-15,0,3.04649656795235e-08,3.02106023276141e-07,1.02090090187910e-07,1.98354020238204e-07,2.10107609204804e-17,7.80829516418756e-16,9.3608708389073e-08,5.60329089947218e-08,0,6.27743671486367e-16,1.10503611786852e-08,4.86352342243743e-19,2.92153033275371e-15,0,1.19937714082228e-08,1.18998300363862e-07,4.01787228215105e-08,7.80847697940740e-08,1.02658054986178e-17,3.80180641492067e-16,3.68796124115741e-08,2.20597912264114e-08,0
"106",3.64528406216413e-15,1.20948682494885e-07,0,2.17100178201036e-12,2.80299320586548e-14,3.72046051119097e-08,5.49735890929654e-07,2.78330525199593e-07,4.31524892860615e-07,6.31776226376636e-16,9.87636156953395e-15,1.00288079240282e-07,2.21643245939949e-07,0,2.13016130127626e-15,4.73189339417865e-08,0,1.33726373674206e-12,1.68383436303606e-14,1.46490915887511e-08,2.16555397031983e-07,1.09583109926018e-07,1.69959753577312e-07,3.788245553829e-16,5.93509637846036e-15,3.95656133825818e-08,8.72882893531816e-08,0
"107",7.1715852436831e-14,1.97441402548902e-08,4.8298961574544e-16,7.66456268577936e-14,1.13708728135204e-14,0,0,6.51010735849953e-08,1.76280429405447e-07,6.99264700859103e-17,2.33856441263624e-16,1.34568870367349e-09,9.90977118464096e-08,0,3.37603367060654e-14,7.73948262515444e-09,2.27259592605641e-16,3.67463966339988e-14,5.32758800857612e-15,0,0,2.56310428435065e-08,6.93895712212477e-08,3.27956545183586e-17,1.09671150412220e-16,5.30254219116809e-10,3.90273298786364e-08,0
"108",8.82404911054564e-15,2.12768950555517e-08,3.48365323762213e-16,3.88327384791409e-17,6.52874979373577e-16,0,0,4.21596950813826e-07,9.94958051768776e-07,3.99655847164825e-17,6.3008337871789e-17,1.84357065780015e-07,8.7838791032581e-08,0,4.11019855441525e-15,8.35723853879103e-09,1.62225131127000e-16,1.83922381781820e-17,3.02580289219196e-16,0,0,1.6603601142205e-07,3.92105808074763e-07,1.85764029611840e-17,2.91640070761607e-17,7.25633334366972e-08,3.45933840862673e-08,0
"109",6.31010065716065e-16,1.37685679764041e-08,4.90533920212664e-19,2.89453746405996e-15,0,1.48556522130252e-08,1.47316168364076e-07,4.97822610464105e-08,9.67235076090923e-08,1.02454918298323e-17,3.8075643529703e-16,4.56464789938447e-08,2.73233660351428e-08,0,3.06155595299598e-16,5.38934928157122e-09,2.37197916328529e-19,1.42485364462885e-15,0,5.84945797490446e-09,5.8036420186085e-08,1.95954835748021e-08,3.80825650118178e-08,5.006715218996e-18,1.85417131074836e-16,1.79864811150535e-08,1.07587361241180e-08,0
"110",1.77755237983387e-15,5.89782894118044e-08,0,1.05864709537754e-12,1.36682550900748e-14,1.81421072349003e-08,2.68068091412872e-07,1.35722505849167e-07,2.10424780944659e-07,3.08073476735183e-16,4.81601699967448e-15,4.89035452059389e-08,1.080800487907e-07,0,1.03889665622947e-15,2.30778214865757e-08,0,6.52194190067147e-13,8.21219448665393e-15,7.14447880507199e-09,1.05615794320449e-07,5.34445567165067e-08,8.28907273732106e-08,1.84755757063615e-16,2.89459384051708e-15,1.92964652114396e-08,4.2571194905606e-08,0
"111",3.4970850555669e-14,9.62784872162142e-09,2.35520559238299e-16,3.737475985453e-14,5.54478654770786e-15,0,0,3.1745281384751e-08,8.59597472965555e-08,3.40982928065142e-17,1.14035577644626e-16,6.56199110121e-10,4.8323085533175e-08,0,1.64651854749678e-14,3.77460740433209e-09,1.10836315875524e-16,1.79215107178366e-14,2.5983071632002e-15,0,0,1.25004640211234e-08,3.38418473172712e-08,1.5994702277976e-17,5.34874947638146e-17,2.58609211829156e-10,1.90339400533601e-08,0
"112",4.30287714996603e-15,1.03752670015566e-08,1.69873622945448e-16,1.89360350309938e-17,3.1836187620191e-16,0,0,2.05583611721307e-07,4.85172080583066e-07,1.94884456225505e-17,3.07247992264512e-17,8.98981630589041e-08,4.28328902162425e-08,0,2.00457661683312e-15,4.07589189046866e-09,7.9118490314913e-17,8.97004125107388e-18,1.47570820351694e-16,0,0,8.09770870293712e-08,1.91233129929158e-07,9.05985988459307e-18,1.42235188553670e-17,3.53897164628249e-08,1.68714693264555e-08,0
"113",3.07699873284174e-16,6.71397629265459e-09,2.39199393625747e-19,1.41146529872997e-15,0,7.24407192825743e-09,7.18358847206294e-08,2.42753582676965e-08,4.71653506844539e-08,4.99601624293579e-18,1.85668522989533e-16,2.22586240147153e-08,1.33237118130119e-08,0,1.49314525642791e-16,2.62842862863131e-09,1.15683315620589e-19,6.94912486737222e-16,0,2.85282730807386e-09,2.8304825007725e-08,9.55687362776912e-09,1.85731706926207e-08,2.44181494452639e-18,9.04294136626637e-17,8.77215029517628e-09,5.2471214165353e-09,0
"114",8.6678909219964e-16,2.87596239180999e-08,0,5.16228812817232e-13,6.66506065075074e-15,8.84664825584347e-09,1.30718228188117e-07,6.61824590772706e-08,1.02609580972447e-07,1.50226081807520e-16,2.34843768910822e-15,2.3846869456731e-08,5.27031486886137e-08,0,5.06678185205093e-16,1.12552376015373e-08,0,3.18080308222243e-13,4.00515274940881e-15,3.48441929568648e-09,5.15096652534219e-08,2.60653365701363e-08,4.04264688541955e-08,9.0106856282449e-17,1.41171650252678e-15,9.41103998706671e-09,2.07623112919332e-08,0
"115",1.70528599609709e-14,4.69483450835336e-09,1.14847052639651e-16,1.82250799093275e-14,2.70380808613789e-15,0,0,1.54799734428541e-08,4.19166108240678e-08,1.66273740243189e-17,5.56072473286468e-17,3.19982824369514e-10,2.35638195064052e-08,0,8.03020227805918e-15,1.84090613635227e-09,5.40557552533162e-17,8.74046371426707e-15,1.26721512689601e-15,0,0,6.09657600346089e-09,1.65049388501598e-08,7.80074387043807e-18,2.60862777982707e-17,1.26125775207014e-10,9.28300437364087e-09,0
"116",2.09821495050076e-15,5.05929859937437e-09,8.28355918464185e-17,9.23379181428663e-18,1.55243021131010e-16,0,0,1.0024887828717e-07,2.36584796071388e-07,9.50316417180987e-18,1.49823550246102e-17,4.38371032169107e-08,2.08866317797586e-08,0,9.77648003996686e-16,1.98784498320559e-09,3.85867187545095e-17,4.37476066079961e-18,7.1971466070931e-17,0,0,3.94931711958212e-08,9.32659226907682e-08,4.41856592473632e-18,6.93692358874623e-18,1.72598469778368e-08,8.2283501528411e-09,0
"117",1.50043901299190e-16,3.27394088735876e-09,1.16640965187728e-19,6.88273796506512e-16,0,3.53243178752909e-09,3.50293819809528e-08,1.18374096844585e-08,2.29992724641264e-08,2.43621084416859e-18,9.05376698419352e-17,1.08539881705941e-08,6.49705077507168e-09,0,7.28218850487264e-17,1.28190560582752e-09,5.64196756873588e-20,3.38914362217952e-16,0,1.39134663153553e-09,1.38044889079844e-08,4.66096349133202e-09,9.05828348143501e-09,1.19089262370870e-18,4.41031462841081e-17,4.27824766328299e-09,2.55906296448187e-09,0
"118",4.22672962484793e-16,1.40240752344539e-08,0,2.51729011817343e-13,3.25008811918089e-15,4.31389718676462e-09,6.37422197120922e-08,3.22725981377205e-08,5.00355806957458e-08,7.32548478187851e-17,1.14517028905769e-15,1.16284653902210e-08,2.56996727219569e-08,0,2.47110992054268e-16,5.48926914703575e-09,0,1.55130303243488e-13,1.95334493991423e-15,1.69937908130304e-09,2.51216745714128e-08,1.27122725354114e-08,1.97163112908987e-08,4.3945832477146e-17,6.88505397755713e-16,4.58983926163133e-09,1.01259448117199e-08,0
"119",8.31549785686711e-15,2.28934538733732e-09,5.60029474397997e-17,8.88710827826538e-15,1.31845980070896e-15,0,0,7.54851011988748e-09,2.04398258281846e-08,8.10801785630094e-18,2.71158003435169e-17,1.56033445203257e-10,1.14904415478446e-08,0,3.91639369775595e-15,8.9782460527418e-10,2.63634229712944e-17,4.26279386504987e-15,6.18030924356247e-16,0,0,2.97334874154816e-09,8.04959031620258e-09,3.80448500226023e-18,1.27224857393942e-17,6.15125465139238e-11,4.52739527178572e-09,0
"120",1.02315400255842e-15,2.46706926325765e-09,4.03931767485172e-17,4.50268026701638e-18,7.57012613991461e-17,0,0,4.88844296181525e-08,1.15366007180121e-07,4.63403449538689e-18,7.3058561076036e-18,2.13763168574527e-08,1.01849626513831e-08,0,4.76806729008289e-16,9.69487852829502e-10,1.88190504939269e-17,2.13360566619340e-18,3.51010580279649e-17,0,0,1.92611345791769e-08,4.54865343603524e-08,2.15496984279442e-18,3.38319296127949e-18,8.41776503101606e-09,4.01303199666157e-09,0
"121",7.31660110119354e-17,1.59647405154621e-09,5.68777142521165e-20,3.3562342579994e-16,0,1.72252214736741e-09,1.70814016802263e-08,5.77228424365526e-09,1.12151510844904e-08,1.18797117315956e-18,4.41489463503158e-17,5.29273773300237e-09,3.16816134769861e-09,0,3.55158141461501e-17,6.25195588098476e-10,2.75163258209743e-20,1.65291237544040e-16,0,6.78570849208632e-10,6.73255934133691e-09,2.27318906932132e-09,4.41779710034317e-09,5.80807830823913e-19,2.15094561976633e-17,2.08653550754268e-09,1.24807541817985e-09,0
"122",2.06108308034088e-16,6.83856947301202e-09,0,1.22750791542840e-13,1.58484270975853e-15,2.10358865864068e-09,3.10826625340842e-08,1.57371092745705e-08,2.43988847029086e-08,3.57213119345613e-17,5.58420177389699e-16,5.67039659343632e-09,1.25319491235329e-08,0,1.20518001716074e-16,2.67716034395249e-09,0,7.56582861696734e-14,9.52661906553183e-16,8.28800731744714e-10,1.22520410522381e-08,6.19987670520723e-09,9.61580226859898e-09,2.1432732999315e-17,3.35789573820442e-16,2.23850121522845e-09,4.93850404650443e-09,0
"123",4.05489195160344e-15,1.11635506921434e-09,2.73087558614643e-17,4.33362673538627e-15,6.42921461400226e-16,0,0,3.68088519275509e-09,9.96708635724517e-09,3.95371833591671e-18,1.32224964117346e-17,7.6086696434315e-11,5.603091932042e-09,0,1.91005644250466e-15,4.37876220801236e-10,1.28576516507136e-17,2.07899856688903e-15,3.01418611057964e-16,0,0,1.45012589588767e-09,3.9258493985923e-09,1.85547767915756e-18,6.20485776624743e-18,3.00001595424662e-11,2.20804678334418e-09,0
"124",4.98921291501364e-16,1.20301868532987e-09,1.96969526198598e-17,2.19564508218718e-18,3.69142582750029e-17,0,0,2.38375481094828e-08,5.62560056000712e-08,2.25969743510659e-18,3.56255964948992e-18,1.04237481233464e-08,4.96650035792739e-09,0,2.32542444620339e-16,4.7282695820087e-10,9.1782010216036e-18,1.04057650047090e-18,1.71190659568930e-17,0,0,9.39380895592453e-09,2.21841455959811e-08,1.05099597979417e-18,1.65001019065857e-18,4.10541114346993e-09,1.95718771164217e-09,0
"125",3.56779923812043e-17,7.7848974216408e-10,2.77353190051087e-20,1.63660282459441e-16,0,8.39954662011093e-10,8.32941567510067e-09,2.81474294442105e-09,5.46885185364594e-09,5.79291202005847e-19,2.15283811395405e-17,2.58090134889227e-09,1.54489270171061e-09,0,1.73213458237159e-17,3.04912874708491e-10,1.34199315657474e-20,8.06138548689481e-17,0,3.30944415258727e-10,3.28352288786337e-09,1.10865243945629e-09,2.15459488100594e-09,2.83264611460802e-19,1.04903333412725e-17,1.01762000867794e-09,6.08696335762172e-10,0
"126",1.00504736311831e-16,3.33469634577533e-09,0,5.98570530890064e-14,7.72817942950971e-16,1.02577438756265e-09,1.51568601559773e-08,7.67389744274449e-09,1.18976449652045e-08,1.74188079604340e-17,2.72302816005240e-16,2.76505939931624e-09,6.11096298905934e-09,0,5.87775906562905e-17,1.30567245206079e-09,0,3.6899149595213e-14,4.64620810002659e-16,4.04212727164953e-10,5.97541814018038e-09,3.02372931768863e-09,4.68970345946383e-09,1.04529148255143e-17,1.63767253320097e-16,1.09173489635415e-09,2.40854781166817e-09,0
"127",1.97728975729337e-15,5.44368991875894e-10,1.33165874439506e-17,2.11320939203413e-15,3.1350823537186e-16,0,0,1.79491258368289e-09,4.86025719044036e-09,1.92795439733968e-18,6.4476950391817e-18,3.71022082268727e-11,2.73223958088915e-09,0,9.31549761109056e-16,2.13555725268433e-10,6.27077925924511e-18,1.01394418260853e-15,1.47004260647226e-16,0,0,7.07237965240873e-10,1.91466806321869e-09,9.04931262919049e-19,3.02615862088555e-18,1.46313170821127e-11,1.07688202702778e-09,0
"128",2.43289333268456e-16,5.8662883073732e-10,9.60483858262634e-18,1.07066392482876e-18,1.80005252066908e-17,0,0,1.16239200152374e-08,2.74321547865840e-08,1.10189781783249e-18,1.73721341746173e-18,5.08293948220956e-09,2.42181799281740e-09,0,1.13412804937707e-16,2.30601478655972e-10,4.47628184111363e-18,5.07497458639626e-19,8.34910500427001e-18,0,0,4.58143555031319e-09,1.08193847419743e-08,5.12579121808568e-19,8.04723130024334e-19,2.00224175833198e-09,9.54536056973818e-10,0
"129",1.73976840167714e-17,3.79615489564476e-10,1.35245927237050e-20,7.9805776342531e-17,0,4.09587670795667e-10,4.06167870690186e-09,1.37255504211813e-09,2.66677999893264e-09,2.82480168124674e-19,1.04978993340349e-17,1.25852670370942e-09,7.53337092990046e-10,0,8.44775850864965e-18,1.48708440898901e-10,6.54500765840137e-21,3.93160199741403e-17,0,1.61404230845859e-10,1.60140030091167e-09,5.4069863703829e-10,1.05081310793933e-09,1.38150410252243e-19,5.11621923863272e-18,4.96301394497359e-10,2.96866057750450e-10,0
"130",4.90091938430743e-17,1.62610027761106e-09,0,2.91881360557232e-14,3.76849746204762e-16,5.00199071647141e-10,7.39095016509403e-09,3.74202789942612e-09,5.80165681512411e-09,8.49394533208383e-18,1.3278320985998e-16,1.34832782077308e-09,2.97989309448501e-09,0,2.86662997574218e-17,6.36786868564455e-10,0,1.79960095553375e-14,2.26599274729661e-16,1.97137770930993e-10,2.91425908530353e-09,1.47469690469339e-09,2.28720578100151e-09,5.09796993005737e-18,7.98705956080404e-17,5.32447816337575e-10,1.17466797768399e-09,0
"131",9.64187167244066e-16,2.65451026728022e-10,6.49357671407571e-18,1.03046575241862e-15,1.52876236907563e-16,0,0,8.7525446036848e-10,2.37001056382502e-09,9.40129731664248e-19,3.14409397618693e-18,1.80921753712702e-11,1.33232387009162e-09,0,4.54324248284731e-16,1.04152830476786e-10,3.05830905879272e-18,4.94508664805902e-16,7.16951503843336e-17,0,0,3.44925596388904e-10,9.33798885312341e-10,4.4134219441544e-19,1.47588169523800e-18,7.13581003641975e-12,5.25203953504591e-10,0
"132",1.18635345274792e-16,2.86058221080642e-10,4.68361405841489e-18,5.22088587645421e-19,8.77760851383882e-18,0,0,5.66818012910007e-09,1.33767605468624e-08,5.37319192419554e-19,8.47118576173501e-19,2.47859728324962e-09,1.18095277713456e-09,0,5.53123295183311e-17,1.1246618035626e-10,2.18311835553835e-18,2.47510558242596e-19,4.07192510081186e-18,0,0,2.23440265819284e-09,5.27670023118101e-09,2.49988925900076e-19,3.9246988876941e-19,9.76509274883472e-10,4.65534848110526e-10,0
"133",8.48364464887547e-18,1.85112162835543e-10,6.59500647201502e-21,3.89157457259825e-17,0,1.99727518228364e-10,1.98059918745748e-09,6.6929996125504e-10,1.30040376902256e-09,1.37745999088967e-19,5.11909788818811e-18,6.13696243999992e-10,3.67350285910666e-10,0,4.12003920173179e-18,7.25262926851615e-11,3.19205243623362e-21,1.91747365154524e-17,0,7.87181307005193e-11,7.81015699095285e-10,2.63703037751347e-10,5.12489933746427e-10,6.73770569307566e-20,2.495220928278e-18,2.42050148463598e-10,1.44783944089204e-10,0
"134",2.38983869744783e-17,7.92936399200683e-10,0,1.42330309034856e-14,1.83763501494690e-16,2.43912418081682e-10,3.60405412339713e-09,1.82472764388098e-09,2.82906591169216e-09,4.14190841694263e-18,6.47491681480819e-17,6.57486024611351e-10,1.45308732362758e-09,0,1.39807830264375e-17,3.10566034640703e-10,0,8.77679739149909e-15,1.10514273580890e-16,9.61456632012015e-11,1.42130739925387e-09,7.19221442207216e-10,1.11548850153626e-09,2.4863205949342e-18,3.89535265045585e-17,2.59679046689268e-10,5.72894941554223e-10,0
"135",4.701672529527e-16,1.29442067131967e-10,3.16646728894056e-18,5.02486725125496e-16,7.45471447769029e-17,0,0,4.26800935799925e-10,1.15568988482547e-09,4.58436109058741e-19,1.53315671275135e-18,8.82229994676476e-12,6.49682007109438e-10,0,2.21577559457204e-16,5.07961661186589e-11,1.49156172022862e-18,2.41175819894742e-16,3.49662966637912e-17,0,0,1.68222964393209e-10,4.55421164097087e-10,2.15246108243760e-19,7.19799274005395e-19,3.480191468075e-12,2.56146157010509e-10,0
"136",5.78502351886467e-17,1.39490767518146e-10,2.28387395159986e-18,2.54586417855805e-19,4.28023128978357e-18,0,0,2.7639785832842e-09,6.52291896572438e-09,2.62013328159881e-19,4.13081015196585e-19,1.20864010166453e-09,5.75868816714574e-10,0,2.69762642624425e-17,5.48506531599347e-11,1.06472423396440e-18,1.20712873332955e-19,1.98591034825192e-18,0,0,1.08973599739888e-09,2.57348878829729e-09,1.21921593006305e-19,1.91410694987747e-19,4.76251361737576e-10,2.27045058404991e-10,0
"137",4.13688548768974e-18,9.02663715565603e-11,3.21592755171744e-21,1.89765119119859e-17,0,9.73932673807512e-11,9.65800946956094e-10,3.26371201438086e-10,6.34116786223423e-10,6.71691764805362e-20,2.49622923168000e-18,2.99257122466792e-10,1.79131273123745e-10,0,2.00937597901577e-18,3.53716513928738e-11,1.55678943210797e-21,9.3516719311582e-18,0,3.83914601774084e-11,3.80907585621182e-10,1.28610074736260e-10,2.4994542817083e-10,3.28603280465228e-20,1.21693914793621e-18,1.18049787932969e-10,7.06122842903349e-11,0
"138",1.16535869129098e-17,3.86660122892945e-10,0,6.94046266992971e-15,8.96087228973223e-17,1.18939180551742e-10,1.75744739637418e-09,8.89793198723631e-10,1.37953936052100e-09,2.01972165626494e-18,3.15736814939895e-17,3.20610363369481e-10,7.08569973196328e-10,0,6.81853938898123e-18,1.51465532085933e-10,0,4.28051408922362e-15,5.38986926576999e-17,4.68910067753311e-11,6.9318295458394e-10,3.50770033682398e-10,5.44032639037296e-10,1.21259838437776e-18,1.89979455591863e-17,1.26647542201007e-10,2.79405432252885e-10,0
"139",2.2926798163155e-16,6.31199244166571e-11,1.54406662667075e-18,2.45027948124153e-16,3.63514755909954e-17,0,0,2.08121234507052e-10,5.6354985512483e-10,2.23547515848562e-19,7.47614264604525e-19,4.30202420402590e-12,3.16804884935914e-10,0,1.08065142990654e-16,2.47736953527105e-11,7.27446547253009e-19,1.17623370916527e-16,1.70533417647649e-17,0,0,8.20436814359577e-11,2.22112534047597e-10,1.04977243735895e-19,3.51051846859002e-19,1.69731713605690e-12,1.24924523727293e-10,0
"140",2.82095500597227e-17,6.80199791122806e-11,1.11368702923436e-18,1.24144150418912e-19,2.08717213409077e-18,0,0,1.34780078170640e-09,3.18077547133687e-09,1.27765739809667e-19,2.01430980166456e-19,5.89370005859287e-10,2.80811308026129e-10,0,1.31565392362649e-17,2.67511010202454e-11,5.19274500860273e-19,5.8872631098087e-20,9.68544315932465e-19,0,0,5.31472937374409e-10,1.25511100751114e-09,5.94621333232052e-20,9.33525225860538e-20,2.32271587572951e-10,1.10731685834799e-10,0
"141",2.01727232181118e-18,4.40166529804195e-11,1.56818496870033e-21,9.25352958366448e-18,0,4.74919461035561e-11,4.70954181466014e-10,1.59148613916550e-10,3.09214805546559e-10,3.27537518251939e-20,1.21723798083089e-18,1.45926956898738e-10,8.73499061839225e-11,0,9.79988691211594e-19,1.72510364991394e-11,7.59258622575361e-22,4.56088498726101e-18,0,1.87238213285445e-11,1.85771667524517e-10,6.27241592084462e-11,1.21900378816826e-10,1.60262440734804e-20,5.93510928429783e-19,5.75738231084568e-11,3.44381742330976e-11,0
"142",5.68264661886068e-18,1.88547342241189e-10,0,3.38438259562067e-15,4.36959633114149e-17,5.79983945941718e-11,8.56985285257341e-10,4.33890470805227e-10,6.72705729251941e-10,9.8487826338679e-19,1.53962960698427e-17,1.56339452478358e-10,3.45520464428828e-10,0,3.32545604285337e-18,7.38709480468993e-11,0,2.08764086155034e-15,2.62868222907230e-17,2.28691179944627e-11,3.38070855592511e-10,1.71073343074916e-10,2.65329057117371e-10,5.91393903421557e-19,9.26544957174984e-18,6.17670164383685e-11,1.36268257772760e-10,0
"143",1.11798103911530e-16,3.07792122502390e-11,7.52934273448967e-19,1.19483147235259e-16,1.77260950985766e-17,0,0,1.01486301035301e-10,2.74804204294977e-10,1.09008629238801e-19,3.64559659160436e-19,2.09779902788406e-12,1.54483784406779e-10,0,5.27042321352311e-17,1.20823288118878e-11,3.54781483014470e-19,5.73658561285498e-17,8.31705079157055e-18,0,0,4.00133577947853e-11,1.08326054365203e-10,5.11982390404262e-20,1.71210785608812e-19,8.27795104602647e-13,6.09266865864033e-11,0
"144",1.37558423397417e-17,3.31686292989478e-11,5.43067973701445e-19,6.05364976381519e-20,1.01776918638089e-18,0,0,6.5722902418799e-10,1.55104373551492e-09,6.23024957690345e-20,9.82239276997756e-20,2.87394902194788e-10,1.36932211688811e-10,0,6.41654911856592e-18,1.30467253272035e-11,2.53254315664146e-19,2.87126517389031e-20,4.72366787730786e-19,0,0,2.59203590443559e-10,6.12127648793026e-10,2.90001566758053e-20,4.55287698199807e-20,1.13280705795413e-10,5.40047263479538e-11,0
"145",9.83683892738839e-19,2.14638708323915e-11,7.64695117197005e-22,4.51230500910284e-18,0,2.31585304134570e-11,2.29651712124906e-10,7.76057483011834e-11,1.50782628762501e-10,1.59717345788401e-20,5.93562595603475e-19,7.11584625762391e-11,4.25944949605154e-11,0,4.77948300831695e-19,8.41346809028535e-12,3.70296485873789e-22,2.22437998468650e-18,0,9.13175699812424e-12,9.06023239168612e-11,3.05910727170837e-11,5.94517869937973e-11,7.81612705567452e-21,2.89460013479695e-19,2.80792127234151e-11,1.67957722431523e-11,0
"146",2.77103288765755e-18,9.19414704579165e-11,0,1.6503288178706e-15,2.13074927080517e-17,2.82817971327613e-11,4.17892325348007e-10,2.11578309348322e-10,3.28031958433924e-10,4.80256866426619e-19,7.50770646480925e-18,7.6235914972795e-11,1.68486382227821e-10,0,1.62185143504793e-18,3.6027450537405e-11,0,1.01815909864348e-15,1.28202928878524e-17,1.11534512438705e-11,1.64879852635228e-10,8.34338338528843e-11,1.29403097349766e-10,2.88427523498358e-19,4.51883365489106e-18,3.01242665542020e-11,6.64591161549679e-11,0
"147",5.45161864699441e-17,1.50088884849053e-11,3.67153858740197e-19,5.82636494429971e-17,8.64378797106145e-18,0,0,4.94878349257474e-11,1.34002963555847e-10,5.31559530125681e-20,1.77770477878023e-19,1.02295118592615e-12,7.53310342719866e-11,0,2.57042743672172e-17,5.89264812698207e-12,1.73029758908415e-19,2.79777855686254e-17,4.05629200562251e-18,0,0,1.9514833732361e-11,5.2831480693558e-11,2.49697895234826e-20,8.35008656728704e-20,4.03722274787154e-13,2.97144309831523e-11,0
"148",6.70777088167743e-18,1.61740415673311e-11,2.64816610338857e-19,2.95194540695467e-20,4.96295489877099e-19,0,0,3.20485042075894e-10,7.56336525843793e-10,3.03806089553662e-20,4.78970015674749e-20,1.40142574251177e-10,6.67723487696752e-11,0,3.1294021818049e-18,6.36299199927032e-12,1.23514149638118e-19,1.40033892574970e-20,2.30377049847516e-19,0,0,1.26415658397863e-10,2.98539536482833e-10,1.41436077082867e-20,2.22047441665006e-20,5.52479037130466e-11,2.63385357671562e-11,0
"149",4.79674454644309e-19,1.04664421284946e-11,3.72888807083500e-22,2.20033840180489e-18,0,1.12928101480949e-11,1.11985222676501e-10,3.78429445357573e-11,7.35262371940557e-11,7.78830794158665e-21,2.89439337621591e-19,3.46990501537540e-11,2.07703829368887e-11,0,2.33099198303486e-19,4.10331549120431e-12,1.80596549546419e-22,1.08484785959167e-18,0,4.45363072043763e-12,4.41874759941662e-11,1.49195101503392e-11,2.89951106884336e-11,3.81198750439222e-21,1.41171957229728e-19,1.36944559975033e-11,8.19143208157445e-12,0
"150",1.35124067701033e-18,4.48334826122905e-11,0,8.04750978987553e-16,1.03901873559353e-17,1.37910722297656e-11,2.03777122651907e-10,1.03172076823023e-10,1.59958449995147e-10,2.34187986804349e-19,3.66098807830438e-18,3.71749717656443e-11,8.21591306990928e-11,0,7.90989880326317e-19,1.75708749724059e-11,0,4.96564312973191e-16,6.2525590926342e-18,5.43962712858089e-12,8.04132191678248e-11,4.06913462160044e-11,6.31109226619892e-11,1.40668403630965e-19,2.20387121449949e-18,1.46918450615806e-11,3.24126410089204e-11,0
"151",2.65837655849475e-17,7.31879463713615e-12,1.79035489207217e-19,2.84111435375274e-17,4.21497628626997e-18,0,0,2.41317870555371e-11,6.53439574835425e-11,2.59204740065532e-20,8.66863406602898e-20,4.98822391887176e-13,3.6733724165798e-11,0,1.25361796193121e-17,2.87389148971522e-12,8.43879934587314e-20,1.36449891651565e-17,1.97828596304268e-18,0,0,9.517540056369e-12,2.57663345040137e-11,1.21779655029680e-20,4.07240381692395e-20,1.96898573394624e-13,1.44919649848408e-11,0
"152",3.27091493852673e-18,7.88695903782955e-12,1.29132706230832e-19,1.43945917349354e-20,2.42008911812518e-19,0,0,1.56278341969585e-10,3.68812901420571e-10,1.48145172854795e-20,2.33560478885221e-20,6.83378200787822e-11,3.25602464550236e-11,0,1.52623440334141e-18,3.10328194756717e-12,6.02388358943461e-20,6.82956462817018e-21,1.12356724636392e-19,0,0,6.16539248581318e-11,1.45600113014206e-10,6.89795028496521e-21,1.08294308291054e-20,2.69448432833623e-11,1.28455139627618e-11,0
"153",2.33903984945499e-19,5.10375838936783e-12,1.81832026020815e-22,1.07295253150893e-18,0,5.50672079635982e-12,5.46074313222831e-11,1.84533811281421e-11,3.58536497226862e-11,3.79781796983674e-21,1.41139503707526e-19,1.69203217436401e-11,1.01282761480071e-11,0,1.13684338149496e-19,2.00121969200768e-12,8.80783776035854e-23,5.29088953579353e-19,0,2.17207122332538e-12,2.15505844698499e-11,7.27636409434465e-12,1.41411467400000e-11,1.85913670928528e-21,6.88506894907267e-20,6.67889541330216e-12,3.99502675885616e-12,0
"154",6.58906422706076e-19,2.18621820288005e-11,0,3.92421274577903e-16,5.06657422206429e-18,6.72495005723283e-12,9.93679787770918e-11,5.0309870935076e-11,7.80006492263891e-11,1.14197249425175e-19,1.78521014004872e-18,1.81276571058354e-11,4.00633135329795e-11,0,3.85772073358959e-19,8.56945586464358e-12,0,2.42178375901229e-16,3.04942293821740e-18,2.65294953562059e-12,3.92181683424857e-11,1.98454940928439e-11,3.07797003380986e-11,6.86051023844014e-20,1.07484556879900e-18,7.16533001476122e-12,1.58079035346097e-11,0
"155",1.29630599356955e-17,3.56886887356407e-12,8.73031990066845e-20,1.38541455062768e-17,2.05535179174884e-18,0,0,1.17673999553133e-11,3.18637190276132e-11,1.26396186061332e-20,4.22709200468477e-20,2.43241106781421e-13,1.79124912345817e-11,0,6.11399478555562e-18,1.40161980092430e-12,4.1156697465898e-20,6.65477004463239e-18,9.64825842455862e-19,0,0,4.64178019484614e-12,1.25664468430029e-11,5.93929090399457e-21,1.98614382191790e-20,9.60290046549384e-14,7.06784690714513e-12,0
"156",1.59499850603154e-18,3.84592327189534e-12,6.29690705472019e-20,7.0192446895293e-21,1.18010972477672e-19,0,0,7.62061156132803e-11,1.79844489332983e-10,7.22401327518504e-21,1.13891257306046e-20,3.33236183085226e-11,1.58773754218056e-11,0,7.44356691347166e-19,1.51349535677566e-12,2.93789607145228e-20,3.33083313994018e-21,5.47972707323654e-20,0,0,3.00691108885323e-11,7.10103363846034e-11,3.36418537018484e-21,5.28159978799972e-21,1.31412149741621e-11,6.26485961202402e-12,0
