"","FL1","FL2","FL3","FL4","FL5","FL6","FL7","FL8","FL9","FL10","FL11","FL12","FL13"
"1",1.25108521645568e-13,0.00163534570988041,3.91492581614968e-07,4.79243404788017e-06,0.00078297532405813,0.00228508722914004,3.38199182973009e-08,0.000151927596258403,8.85607590365717e-05,5.64862866278116e-17,1.43165739003048e-05,2.27378066399607e-08,0
"2",1.09034390442733e-10,0.0465704242127637,0,0,0.0411294900109095,0.00192353861330983,2.43649452871056e-06,0.00124654620484576,0.000614536018152098,0,1.75850047674896e-05,4.31003446330584e-08,0.000131069407004539
"3",1.06035286168163e-08,0.0486245700572049,0,0,0.0289573162483936,0.00148933579976776,2.35811831798987e-06,0,0.00374279745149013,7.22825400021978e-17,1.87140958959371e-07,1.0258253803324e-09,0
"4",1.17042429153292e-06,0.113629716657721,0,2.06070022324412e-05,0.00877979547375338,0.00239736719564156,0.00141746884761039,0,0.0138355742430391,3.13427826197297e-12,0.0303470549126714,1.73019713122555e-05,0
"5",2.68285556161378e-07,0.0901031047047199,5.52368835117994e-05,0.00165101707254474,0.00278865736843626,0.00580525368054577,0.00287124316288999,0.00149777428208651,0.00297659619782138,6.86868588488376e-13,0.0622552616722932,0.000177646774361912,0
"6",5.12116307232734e-07,0.0464549522961142,0,0,0.0153791010475506,0.000585308359066394,0.00160302776464656,0.0018984392450838,0.0039410673422458,0,0.000450498192364237,3.19688546461593e-06,0.00394468595545344
"7",1.64935526761091e-06,0.0197124453821514,0,0,0.00317417002794191,0.000274059768680072,3.77615251579066e-05,0,0.00640282081380377,2.82153050096142e-14,1.09809000367782e-06,9.5446592994533e-09,0
"8",5.55839998546445e-05,0.0288660358520801,0,9.36055476456641e-05,0.00048723024874404,0.000304026175066531,0.00734144939508917,0,0.0130977544791317,4.11407779400086e-10,0.0491477743059744,4.37187134954786e-05,0
"9",4.62916305076232e-06,0.0185990739357083,0.00160189666456982,0.00379573013033417,8.54636636136779e-05,0.000230766300143628,0.00743503055603796,0.00173672888805739,0.00183926452873297,5.76202307023086e-11,0.0567587618575467,0.000184688195013495,0
"10",4.40021058599881e-06,0.00468910822741465,0,0,0.000171657283357821,2.72378069012337e-05,0.00289144204195013,0.00176701780401661,0.00196005026452805,0,0.000273537956376699,3.22796187611555e-06,0.00639183247063854
"11",7.41077529924454e-06,0.00152613413507163,0,0,4.75235834801121e-06,4.34839573106919e-06,3.59562810847095e-05,0,0.00263523762893885,2.31906162901812e-13,4.63036962352279e-07,7.17633177567875e-09,0
"12",0.000220189392067385,0.000843392386039916,0,0.000110710650560918,3.46012668435356e-08,1.03836655788984e-06,0.00487030436982307,0,0.00398794416125404,2.94534505400082e-09,0.0222301629363339,2.51541464821426e-05,0
"13",2.47221413115914e-05,0.000173578542058054,0.00963406430753113,0.00199544674100212,7.69508799379781e-10,2.34987694191631e-07,0.00542941126390174,0.00110911306818436,0.000801450313374803,5.25974369994119e-10,0.0273491441149612,5.4563935349447e-05,0
"14",2.46734852226178e-05,0.000100970593771885,0,0,1.06532877428615e-09,1.12571656504619e-08,0.00103939397969922,0.00188405836985239,0.000723820063691764,0,0.00024214207438375,1.00221024718817e-06,0.00631881601862865
"15",5.48817803939717e-05,9.62338056577561e-05,0,0,6.714433705423e-11,2.34261406706027e-09,2.02766267335242e-05,0,0.00147922999188805,1.14612901977805e-11,1.97242830402813e-07,2.45874412436814e-09,0
"16",0.000970818254013864,0.000335856781975075,0,5.35465885962549e-05,4.37765081438287e-12,3.30480659324421e-09,0.00211091127686118,0,0.00291650544629344,2.23155213957347e-07,0.0108079605943331,9.21341020798544e-06,0
"17",8.94812392209865e-05,0.00041616814121278,0.0365513737824952,0.00136291854495898,6.49487814761851e-13,1.08979157773265e-08,0.00206218801636257,0.000521887621210536,0.000666228487859111,3.14555574616554e-08,0.0113395141209746,2.91051260410526e-05,0
"18",9.02082165185664e-05,0.000357085361802241,0,0,1.95049122361076e-12,1.79604169455629e-09,0.000575934174826408,0.000499716619346478,0.000826799187218934,0,6.04669099564798e-05,3.20466484932032e-07,0.00669175458716829
"19",0.000192525320439479,0.000164220679948504,0,0,7.79813134862231e-13,1.20289827903534e-09,9.05376194645589e-06,0,0.00135871589442729,7.19529813157423e-10,7.35199835897304e-08,5.40700716892329e-10,0
"20",0.00434848975560618,0.000300110554490701,0,6.80610844248392e-05,7.72618481683693e-13,2.26158724568113e-09,0.00105962778841706,0,0.00307183191988718,9.53500696657763e-06,0.00244272430975457,1.98659639400004e-06,0
"21",0.000364068487472889,0.000246893575408239,0.0478108729133075,0.00359593603953384,1.44757753211797e-12,4.5625775242461e-09,0.000895650635980661,0.00010719589955402,0.000580230428212121,1.42606029113847e-06,0.00258445878104669,7.04078031803321e-06,0
"22",0.000300057268668466,0.000106805725283523,0,0,3.58097425405623e-11,8.42227665293652e-10,0.000197539705076927,9.50049510460441e-05,0.000656794351328612,0,1.27138903161365e-05,9.01178998754873e-08,0.00754731646699502
"23",0.000527731155385154,5.27308998895775e-05,0,0,3.01196019205884e-11,4.49714421145106e-10,2.49324486612341e-06,0,0.00127545264012678,1.17133006549788e-08,1.32837646803274e-08,1.8077235162812e-10,0
"24",0.0103067962971987,7.62712643899348e-05,0,0.000171758283298894,2.06196094603559e-11,6.84998762715232e-10,0.000233405811680639,0,0.00248569397331663,0.00015845603537976,0.000530623726481822,5.34586491456358e-07,0
"25",0.000925986101816111,3.93718671369261e-05,0.0419854362912192,0.00389612177688671,3.29147150681005e-11,1.41793924914579e-09,0.000227583716190985,1.62966564615082e-05,0.000558385957438467,1.82057456825331e-05,0.000539134374187449,8.3077660751371e-07,0
"26",0.00066427218246899,3.14072572240683e-05,0,0,4.60534458863429e-10,1.78115441294794e-10,2.95222313175276e-05,2.83454516939204e-05,0.000479065114748622,0,3.97409557975663e-06,1.09607730198068e-08,0.00788739908320969
"27",0.00100915797251768,1.00578146599734e-05,0,0,2.28388633684452e-10,6.74921798896821e-11,4.69421501078422e-07,0,0.000940386841464076,1.12642635846963e-07,1.53396891567774e-09,1.57143902522556e-11,0
"28",0.0136542600840807,2.22383594265589e-05,0,9.90509213627087e-05,1.46224802663392e-10,1.49268145415785e-10,3.9711106526857e-05,0,0.00239914147085996,0.00137475045405354,0.000105212028544485,7.36153138218172e-08,0
"29",0.000917135730886628,1.66763842526614e-05,0.0296406912102715,0.00276209976157444,1.27222068499507e-10,5.32108662943158e-10,2.5844634515427e-05,4.85200712325528e-06,0.000485903889113024,8.19020584251076e-05,0.000109069606994569,2.49340316089988e-07,0
"30",0.000683911015156311,1.41091905401124e-05,0,0,1.63829615081491e-09,6.89125768374106e-11,4.72588179503377e-06,5.37261568672356e-06,0.000562103133278325,0,7.06157920729579e-07,2.77226149203596e-09,0.0073416123631414
"31",0.000960222851751362,5.29297487248251e-06,0,0,7.62818344000176e-10,3.96791873538187e-11,5.58864188325928e-08,0,0.000812012637793938,5.35740264817335e-07,7.30426838526221e-10,4.21380217773939e-12,0
"32",0.0138428043819906,1.15961954213302e-05,0,6.87463777909195e-05,3.5598904397104e-10,8.88773095272404e-11,4.98221236106177e-06,0,0.00180312501405644,0.00365872145049195,3.02274764894457e-05,2.14412711905596e-08,0
"33",0.000886923556342336,1.329380909045e-05,0.0162826853829718,0.00399104249828462,2.82107104680044e-10,2.96346537425865e-10,3.8109008390734e-06,1.22318367515779e-06,0.000348337782580459,0.000284722474467218,4.64255475025647e-05,1.24427217575309e-07,0
"34",0.000561993611619562,8.40136305327687e-06,0,0,3.11942391893471e-09,6.74594210173403e-11,7.7742082981351e-07,1.23013131724049e-06,0.00039086082059306,0,3.1145102848729e-07,2.06394903614255e-09,0.00638656943606728
"35",0.000753556027135224,5.19610724366663e-06,0,0,1.25757082288418e-09,4.80744103840613e-11,9.29758605518401e-09,0,0.000685818237920631,8.10733311854013e-07,4.40033017291105e-10,5.35846270646596e-12,0
"36",0.0114957581689004,1.04826987158173e-05,0,0.000119423939888831,4.58375409938905e-10,1.00839108249665e-10,8.71791107757722e-07,0,0.00131518558403121,0.00589336080389869,2.32193428660481e-05,2.25739415426151e-08,0
"37",0.000778113481421607,8.59145721503833e-06,0.00903192709810669,0.00279358349172617,3.79469867362007e-10,2.64066219295892e-10,7.88451127650622e-07,3.39880093394132e-07,0.000279315652860488,0.000411986341557572,3.19019944981389e-05,6.4655245920176e-08,0
"38",0.000478874926129336,7.13015758243842e-06,0,0,3.49627262661903e-09,4.69074233761914e-11,1.32385541073812e-07,5.03615166330375e-07,0.000269818827631608,0,2.80127991923899e-07,1.09786095578251e-09,0.00504055494950146
"39",0.000609538535656729,3.21099459160563e-06,0,0,1.18506962183431e-09,2.59053596372653e-11,1.9211653968254e-09,0,0.000466158678542282,1.0462533922893e-06,2.2805082994341e-10,2.41136732583587e-12,0
"40",0.00787568255842566,7.22275604045575e-06,0,6.46301186115772e-05,4.60036796744653e-10,5.89278255613045e-11,1.81784460893902e-07,0,0.00101711096173579,0.0075959783361354,1.5041881404419e-05,1.22752559810286e-08,0
"41",0.000511383228342712,6.61723095603604e-06,0.00506794713870282,0.00177083832293332,3.31615919200564e-10,1.9755878583004e-10,1.5645847575847e-07,1.50778170476296e-07,0.000220216904847774,0.000423669937314983,2.15737463668314e-05,5.00604218575373e-08,0
"42",0.000320703526619819,5.25901102910121e-06,0,0,3.06697317400576e-09,3.04590289442198e-11,3.17737791242851e-08,1.88242232703802e-07,0.000235566543690991,0,1.64327980956483e-07,7.28145190280414e-10,0.00378207599896049
"43",0.000407487595302668,2.28138639576448e-06,0,0,1.08657590042999e-09,1.84327462296186e-11,4.47224752907842e-10,0,0.000354960777874651,1.2523483535956e-06,1.91821572490701e-10,1.50738834081555e-12,0
"44",0.00540405751648801,4.86664349317476e-06,0,4.01401789246705e-05,3.911319840989e-10,4.0263317818977e-11,4.72754896683694e-08,0,0.000736488298982222,0.00712412142858878,9.58655598602733e-06,7.63113524173638e-09,0
"45",0.000327954973382298,5.02659822100227e-06,0.0024628603498038,0.0015695208506801,2.64134651445369e-10,1.23238296467954e-10,4.54232234011253e-08,6.52340971948572e-08,0.000145005202188594,0.000437824909778876,1.47044348366248e-05,3.73902745880204e-08,0
"46",0.000203000805017367,3.4898098766593e-06,0,0,2.50269270397814e-09,2.55640080048658e-11,1.16118315335e-08,8.17892170589508e-08,0.00016113688472513,0,1.10872984815992e-07,6.43062411995315e-10,0.00278664459257944
"47",0.000258965529238198,1.92465096809282e-06,0,0,8.72087750129161e-10,1.71900056931367e-11,1.8694728307448e-10,0,0.000268807647091826,9.86530549073699e-07,1.47363010486407e-10,1.62769468521266e-12,0
"48",0.00361495070786013,3.8876318067613e-06,0,4.19544226991092e-05,2.87251087871418e-10,3.59745840570721e-11,2.31243501996626e-08,0,0.000517153648813264,0.00595623596929305,7.83292945954746e-06,7.25348236100492e-09,0
"49",0.000231296923880458,3.27945313887563e-06,0.00130289105822641,0.00106516239072051,2.06356749288929e-10,9.74500349669736e-11,2.78253533158102e-08,3.1558596707702e-08,0.000105498983954833,0.000356502358742143,1.10756289279115e-05,2.3407410968482e-08,0
"50",0.000142807089322968,2.67958831616357e-06,0,0,1.80854754553207e-09,1.77171592620545e-11,6.89267378449664e-09,5.13736487435495e-08,0.000105977459640566,0,9.72036950221042e-08,4.03466036955088e-10,0.00199162482111203
"51",0.00018074652931348,1.23586380028326e-06,0,0,5.84650362060458e-10,1.01268368894116e-11,1.37502125562851e-10,0,0.000179951151009409,7.79752304838357e-07,8.74673231414431e-11,9.10508406013928e-13,0
"52",0.00224724529472585,2.60231814700092e-06,0,2.4089596183916e-05,2.00677776472813e-10,2.17191686701272e-11,1.74090946748519e-08,0,0.000365699200431953,0.00483691500565507,5.25888146885601e-06,4.37859925255542e-09,0
"53",0.000169591865425024,2.01964697249298e-06,0.000720160055451573,0.000680119225647397,1.58789500708021e-10,8.07940404359016e-11,2.58110131531374e-08,1.66105073384636e-08,7.86941049921605e-05,0.000266417163457504,8.58191938562587e-06,1.34570589722132e-08,0
"54",0.000102511652910889,2.0837038466275e-06,0,0,1.24395997695733e-09,1.17327674401923e-11,5.28809112892623e-09,3.64614545323444e-08,6.75720854871033e-05,0,8.52147095576841e-08,2.26504882095433e-10,0.00140028475434907
"55",0.000128904944334445,7.34158468943012e-07,0,0,3.67822772260866e-10,5.01104476082617e-12,1.24203071760941e-10,0,0.000116256268790882,5.94388491159274e-07,4.6187851930342e-11,3.86016859607491e-13,0
"56",0.00136352336857155,1.64412278420991e-06,0,1.06669225580763e-05,1.3501929000312e-10,1.11941616698465e-11,1.47024439595317e-08,0,0.000255024191240293,0.00374827253863595,3.32836409981087e-06,2.23191903023016e-09,0
"57",8.22226026626209e-05,2.07727314335082e-06,0.000467547458227492,0.00039807727703977,8.30504450562587e-11,4.73974663939804e-11,1.41769285444759e-08,1.87231797499608e-08,6.2371545066931e-05,0.000184264083432937,4.90122650716262e-06,1.68097857291271e-08,0
"58",5.14631029583698e-05,1.19689227023217e-06,0,0,8.18724141701691e-10,6.36710842920998e-12,5.50226603808082e-09,1.35974810181704e-08,7.86588381372084e-05,0,1.53304700642698e-08,1.92619448016263e-10,0.000961022217675222
"59",6.80709531284418e-05,6.18281240849407e-07,0,0,3.36356330215809e-10,5.62247476438895e-12,7.23249314874437e-11,0,9.94001273420324e-05,6.16244940169568e-07,6.76693522773971e-11,4.34837385165491e-13,0
"60",0.00110737654196827,1.15842088687507e-06,0,1.08465760510868e-05,1.04547755634057e-10,1.12383957669425e-11,1.09336549313773e-08,0,0.000180126819316313,0.00245500827178037,2.11689596379862e-06,1.9211734576074e-09,0
"61",4.08850032164919e-05,1.17203099563139e-06,0.000134520940007442,0.000467979324095628,4.76553191026337e-11,1.1295605221666e-11,7.89767240494887e-09,6.35670528286552e-09,1.99954759036124e-05,0.000158218248762928,2.31642735541817e-06,8.7757222193135e-09,0
"62",2.89542168905087e-05,5.17975638205812e-07,0,0,6.64706922427475e-10,9.03787720882921e-12,4.60136158647463e-09,6.07320589744878e-09,3.39103323505378e-05,0,1.46815676162696e-08,2.65031814354905e-10,0.000688713405662839
"63",3.63114413392583e-05,7.4634883051183e-07,0,0,2.43233055075102e-10,8.27776595620362e-12,6.98210885233672e-11,0,7.76200535392739e-05,1.70625465870855e-07,4.92083542847161e-11,9.58413562191401e-13,0
"64",0.000784362267380515,1.33756342843078e-06,0,2.345801676679e-05,6.23489304296841e-11,1.61531461316323e-11,1.07911077765883e-08,0,0.000115992349164801,0.00167801990909434,2.84047591377791e-06,3.56335181084023e-09,0
"65",3.91120912366515e-05,7.64722414150093e-07,0.000115530879395384,0.000235284157031036,4.11849098437974e-11,2.01780448351323e-11,1.04976354389403e-08,5.3234848918293e-09,2.31240826954351e-05,0.000100092114777009,2.32049960379142e-06,5.60467520901319e-09,0
"66",2.58699416622345e-05,5.90883606640325e-07,0,0,3.93756143699112e-10,4.0547067438865e-12,3.1119159140095e-09,8.05836978933941e-09,2.6350909600227e-05,0,1.90755372520242e-08,9.84205613230886e-11,0.000460849124812997
"67",3.33697839407892e-05,2.99987548320645e-07,0,0,1.33281749894069e-10,2.59227846596977e-12,5.69445957571523e-11,0,4.31209600346605e-05,2.28762201998597e-07,2.29047064964681e-11,2.35970985400369e-13,0
"68",0.000441101814622855,5.95539927563623e-07,0,6.00731424919994e-06,4.28149888860982e-11,5.31486419421065e-12,7.17255090012959e-09,0,8.19610049326287e-05,0.00127490250107336,1.18895195176734e-06,1.05497267973162e-09,0
"69",3.66641732816458e-05,3.02014118485402e-07,6.37753297754948e-05,0.000149800700791029,3.67612119682587e-11,1.99319219111354e-11,1.24966299647759e-08,1.66801716296189e-09,1.62020425370474e-05,6.8336621661364e-05,2.07977396204184e-06,1.44981905226753e-09,0
"70",2.25618129946714e-05,5.2033912747448e-07,0,0,2.61393217503841e-10,2.80117946842851e-12,1.81303011291564e-09,8.76040785655922e-09,1.006334231175e-05,0,2.67296424856953e-08,4.01880994504088e-11,0.00031577021177293
"71",2.86301855971012e-05,1.37637947344423e-07,0,0,6.23050585304551e-11,6.18945062424424e-13,5.60746466696691e-11,0,2.26658390255208e-05,1.26293310087555e-07,3.80110975715478e-12,3.8414851419112e-14,0
"72",0.000218427994528826,3.32277948571057e-07,0,1.16086357259126e-06,2.47415410874267e-11,1.48094217891724e-12,5.45714685938896e-09,0,5.40400583209153e-05,0.000967597080642155,7.07288212963541e-07,3.40423287020557e-10,0
"73",2.02419845188789e-05,5.75749616528056e-07,7.66028265331803e-05,4.16159561612618e-05,2.0136139419049e-11,1.6843949045076e-11,6.50621424074362e-09,5.78459211225808e-09,2.11327723403576e-05,4.16683811434626e-05,1.42959988719152e-06,4.87684466148405e-09,0
"74",1.04359508318361e-05,2.96807569794156e-07,0,0,1.51350868780617e-10,7.46869283995387e-13,1.84475612999933e-09,3.01984660818433e-09,2.01888475644372e-05,0,2.1804103213945e-09,2.48837519779039e-11,0.000205515143943769
"75",1.39427244731058e-05,1.01298475697851e-07,0,0,6.71604820981762e-11,7.79381218542314e-13,2.12078824382429e-11,0,2.07435808435131e-05,1.79218009811194e-07,1.47720332438793e-11,2.68610989087445e-14,0
"76",0.000213955994679486,1.9418892948353e-07,0,7.40246072354728e-07,2.19393603255258e-11,1.59800409220174e-12,3.1247254959579e-09,0,3.95932621394485e-05,0.000581436272249231,3.11437367526411e-07,1.88431406736602e-10,0
"77",7.09049946759182e-06,2.16252433562552e-07,1.28185567009658e-05,9.26036241053814e-05,8.51657756204743e-12,1.88317641697759e-12,2.12269632327938e-09,1.05420843175608e-09,3.43262775232498e-06,3.32790180880128e-05,4.31544516058795e-07,1.59243053269705e-09,0
"78",5.68588442403628e-06,1.04950826872318e-07,0,0,1.35287414088265e-10,2.05283185775526e-12,1.33662244777137e-09,1.28547861229942e-09,6.39830973938372e-06,0,3.64490491141342e-09,5.92088640093339e-11,0.000147315783481722
"79",6.99414012625848e-06,1.65242561763533e-07,0,0,4.76016472141015e-11,1.84748710335021e-12,2.07846985502803e-11,0,1.6383149871655e-05,2.76080554626618e-08,1.00193149067211e-11,2.1912330555962e-13,0
"80",0.000153946114917629,3.000893999262e-07,0,5.43813028017893e-06,1.20479797114415e-11,3.65015352912007e-12,3.11324561974052e-09,0,2.42557335773826e-05,0.000379675064499699,6.46909181368047e-07,8.21211157749505e-10,0
"81",6.84456891200992e-06,1.73264534912897e-07,1.31265277959358e-05,4.73598025988023e-05,7.3481657279541e-12,3.89866101680404e-12,2.54491158023115e-09,1.27660947877497e-09,4.894236456152e-06,2.18550558742248e-05,4.50898845500623e-07,1.32683237970554e-09,0
"82",4.72431112341137e-06,1.18019668247332e-07,0,0,7.7726750690474e-11,8.26292949516786e-13,9.13919123105648e-10,1.47359082155406e-09,6.4253106803646e-06,0,2.86502426628836e-09,2.22635593696463e-11,9.78641491732095e-05
"83",6.15555683172345e-06,6.71602626846732e-08,0,0,2.85593105601808e-11,6.17660856273426e-13,1.39459523871165e-11,0,9.65729951450705e-06,5.63762086246591e-08,5.83950028715628e-12,5.59930082043692e-14,0
"84",9.27026101025143e-05,1.2766367263733e-07,0,1.39643540488011e-06,8.81087367780365e-12,1.2363295128792e-12,1.85612368015331e-09,0,1.74369354200457e-05,0.000276921337154745,2.49195348169323e-07,2.37783132646987e-10,0
"85",4.5278161874857e-06,1.14617878201101e-07,8.68345483900842e-06,3.13294355860337e-05,4.86095532955749e-12,2.57904050471764e-12,1.68350877853996e-09,8.44502135547581e-10,3.23763312729074e-06,1.44575468576385e-05,2.98278404063407e-07,8.77725566670749e-10,0
"86",3.12522419662793e-06,7.80723185348193e-08,0,0,5.14177656038308e-11,5.4660894506631e-13,6.04575372510251e-10,9.74809145957381e-10,4.2504686682505e-06,0,1.8952695804812e-09,1.47277799085424e-11,6.4739048506541e-05
"87",4.07202122207593e-06,4.44278271500606e-08,0,0,1.88925424406086e-11,4.08594735382662e-13,9.22552023071799e-12,0,6.38849248671563e-06,3.72939644967128e-08,3.86294363705213e-12,3.70404699248347e-14,0
"88",6.13245894723677e-05,8.44520160366734e-08,0,9.23769328978473e-07,5.82856524305721e-12,8.17856150393686e-13,1.22786211272227e-09,0,1.15348737765636e-05,0.000183188879993502,1.64847596071009e-07,1.57298192326028e-10,0
"89",2.99523895386383e-06,7.582196789393e-08,5.74427518939506e-06,2.0725034317695e-05,3.21561701120372e-12,1.70608572951203e-12,1.11367397965303e-09,5.58654677723995e-10,2.14175762876236e-06,9.56394997769492e-06,1.97316997411763e-07,5.80632627128426e-10,0
"90",2.06739692286312e-06,5.16463654907799e-08,0,0,3.40138574712669e-11,3.6159250663004e-13,3.99938431973981e-10,6.44855313390193e-10,2.8117681460897e-06,0,1.25375789132526e-09,9.74271442553752e-12,4.28261466220318e-05
"91",2.69372167073215e-06,2.93898764890643e-08,0,0,1.24977862864746e-11,2.70293407922426e-13,6.10286204662601e-12,0,4.22611271313617e-06,2.46706868342636e-08,2.55541275952372e-12,2.45029952176337e-14,0
"92",4.05674151978644e-05,5.58666601494357e-08,0,6.11091476325465e-07,3.85570989153519e-12,5.4102783745658e-13,8.12254799601649e-10,0,7.63054457885385e-06,0.000121183026552125,1.0904990855578e-07,1.04055830342554e-10,0
"93",1.98140914278703e-06,5.01577145340398e-08,3.79995037266383e-06,1.37100154993253e-05,2.12719353742427e-12,1.12860907423525e-12,7.36717116516526e-10,3.69560994349098e-10,1.41681455557637e-06,6.32673994257357e-06,1.3052905251336e-07,3.8409983768027e-10,0
"94",1.36762349442822e-06,3.41650807669765e-08,0,0,2.25008318912533e-11,2.39200514428344e-13,2.64567093935165e-10,4.26584400579419e-10,1.86003961549465e-06,0,8.29385363564622e-10,6.44499612073381e-12,2.83303334973553e-05
"95",1.78194956353218e-06,1.94419780450882e-08,0,0,8.26753003484912e-12,1.78804375190731e-13,4.03716259123629e-12,0,2.79565620547723e-06,1.63201418001016e-08,1.69045551400275e-12,1.62092105163285e-14,0
"96",2.68361384885823e-05,3.69568882156373e-08,0,4.04248962076483e-07,2.55062749540134e-12,3.57900494802225e-13,5.37322434367794e-10,0,5.04775446162029e-06,8.01649419159836e-05,7.21386470864974e-08,6.88349666844e-11,0
"97",1.31074089633335e-06,3.3180309047078e-08,2.5137414832364e-06,9.06944336546914e-06,1.40718012434128e-12,7.46596973652943e-13,4.87352779794246e-10,2.44471824886015e-10,9.37250535698127e-07,4.18526219755524e-06,8.63475208599527e-08,2.54089554070784e-10,0
"98",9.04709686769659e-07,2.26008690586836e-08,0,0,1.48847403216799e-11,1.58235818092672e-13,1.75016306504527e-10,2.82193923255451e-10,1.23045258053049e-06,0,5.48654637434113e-10,4.26349097202263e-12,1.87410696356807e-05
"99",1.17879448403052e-06,1.28612486835846e-08,0,0,5.46913279763027e-12,1.18282590881844e-13,2.67066200473735e-12,0,1.84938125169486e-06,1.07960929569869e-08,1.11826938101182e-12,1.07227097434021e-14,0
"100",1.77526304169431e-05,2.44477042824782e-08,0,2.67418593894571e-07,1.68728996820531e-12,2.36758176403368e-13,3.55449298196238e-10,0,3.33918829010168e-06,5.30306767807022e-05,4.77211257890082e-08,4.55356765963427e-11,0
"101",8.67080735735466e-07,2.19494233078035e-08,1.66288914981642e-06,5.99961414802925e-06,9.30877171025455e-13,4.93888498500185e-13,3.2239339449072e-10,1.61722893046016e-10,6.20009558208604e-07,2.76863279054894e-06,5.71205736584723e-08,1.68085208985774e-10,0
"102",5.98483150274525e-07,1.4950916864259e-08,0,0,9.8465468083413e-12,1.04676088123372e-13,1.15776709366559e-10,1.8667679880966e-10,8.13968444715895e-07,0,3.62945772136843e-10,2.82038265469876e-12,1.23975840638171e-05
"103",7.79795603656931e-07,8.50796751839748e-09,0,0,3.61793829983479e-12,7.82462469992564e-14,1.76669514352246e-12,0,1.22340186444227e-06,7.14182661912758e-09,7.39757064382902e-13,7.09328218826121e-15,0
"104",1.17437121907334e-05,1.61726344814552e-08,0,1.76902629491525e-07,1.1161753105615e-12,1.56620163726859e-13,2.35136661912978e-10,0,2.20893835497161e-06,3.50808297568116e-05,3.15684579423808e-08,3.01227405628515e-11,0
"105",5.73590863294731e-07,1.45199727603976e-08,1.10003369201555e-06,3.96886208720162e-06,6.15793452840297e-13,3.26716900227025e-13,2.13269535171484e-10,1.06982856398146e-10,4.1014844764393e-07,1.83150473425068e-06,3.77863765233612e-08,1.11191652813561e-10,0
"106",3.95908307825727e-07,9.89032388540391e-09,0,0,6.51368327250157e-12,6.9245279336154e-14,7.65885573719492e-11,1.23490353058653e-10,5.38456044122862e-07,0,2.40095726025515e-10,1.86573828140463e-12,8.20124430500937e-06
"107",5.15850041479268e-07,5.62818689498597e-09,0,0,2.39333693763718e-12,5.1761422571345e-14,1.1687033868791e-12,0,8.0930425813994e-07,4.72445797390712e-09,4.89363764756986e-13,4.69234488355554e-15,0
"108",7.76869527386517e-06,1.06985139810535e-08,0,1.17024548911336e-07,7.38371795828431e-13,1.03607301164697e-13,1.55547500181176e-10,0,1.46125591974813e-06,2.32066549238201e-05,2.08831522807329e-08,1.99267819617671e-11,0
"109",3.79441573195751e-07,9.60524593316921e-09,7.27693799495261e-07,2.62547988563574e-06,4.0735941149276e-13,2.16129618766402e-13,1.41081968208781e-10,7.07712516610102e-11,2.71321218967606e-07,1.21157619856029e-06,2.49964270194868e-08,7.35554527969083e-11,0
"110",2.61901087998104e-07,6.54264266508174e-09,0,0,4.30892886616095e-12,4.58071064395403e-14,5.06648284651511e-11,8.16912835220619e-11,3.56199203218055e-07,0,1.58828018070933e-10,1.23422235947288e-12,5.42528349105947e-06
"111",3.41244890386986e-07,3.7231556956929e-09,0,0,1.58323918827473e-12,3.42411932758233e-14,7.73120145550061e-13,0,5.3537059349017e-07,3.12532134110268e-09,3.23723700370337e-13,3.10407790383244e-15,0
"112",5.13914384804127e-06,7.077276218296e-09,0,7.74140276335329e-08,4.88447382517931e-13,6.85382558618235e-14,1.0289771325225e-10,0,9.66649367191772e-07,1.53516560607777e-05,1.38146136240251e-08,1.3181955955279e-11,0
"113",2.5100802101739e-07,6.35405802470232e-09,4.81383679124953e-07,1.73680628815654e-06,2.69476217011297e-13,1.42973969438531e-13,9.33284809649871e-11,4.68165669743032e-11,1.7948429229696e-07,8.0148134889663e-07,1.65356253027924e-08,4.86583704734564e-11,0
"114",1.73252691440827e-07,4.32808607068177e-09,0,0,2.8504407102534e-12,3.03022967122009e-14,3.35157748296135e-11,5.40403816022152e-11,2.35632738750031e-07,0,1.05067839990037e-10,8.16462227207976e-13,3.58893112602244e-06
"115",2.25740168366171e-07,2.46294030262566e-09,0,0,1.04734368482338e-12,2.26512189717397e-14,5.11434095396509e-13,0,3.54158117285546e-07,2.06746118583292e-09,2.14149558526273e-13,2.05340823664262e-15,0
"116",3.39964415642734e-06,4.68175662141126e-09,0,5.12108931860612e-08,3.23117495598457e-13,4.53393965847401e-14,6.80688495810593e-11,0,6.39457460164346e-07,1.01554207007451e-05,9.13863707047598e-09,8.72012165036542e-12,0
"117",1.66046714608582e-07,4.20333364311503e-09,3.18444717666424e-07,1.14893132454895e-06,1.78263787422058e-13,9.45800767783879e-14,6.17386152874059e-11,3.09700745969275e-11,1.18732369344054e-07,5.30195586041134e-07,1.0938639508006e-08,3.21884636298732e-11,0
"118",1.14610043512716e-07,2.86311357568166e-09,0,0,1.88562227296848e-12,2.00455618659565e-14,2.21713404833098e-11,3.57487692420006e-11,1.5587566471015e-07,0,6.9504430857041e-11,5.40105730009712e-13,2.37414812489685e-06
"119",1.49331535942407e-07,1.629283175376e-09,0,0,6.92838329333391e-13,1.49842243163871e-14,3.38323655695127e-13,0,2.34282520490259e-07,1.36766600563947e-09,1.41664120867685e-13,1.35836970493101e-15,0
"120",2.24893109281921e-06,3.09707356136026e-09,0,3.38770073213214e-08,2.13748542214752e-13,2.99928974967302e-14,4.5028875150319e-11,0,4.2301361511026e-07,6.71800939265557e-06,6.04538713704136e-09,5.76853100216281e-12,0
"121",1.09843148918312e-07,2.78058740519141e-09,2.10657408232002e-07,7.6004053965679e-07,1.17924981501148e-13,6.2566570394142e-14,4.0841301371189e-11,2.04873099957481e-11,7.8543784247863e-08,3.50734748655714e-07,7.23612395026293e-09,2.12932981678223e-11,0
"122",7.58167850943484e-08,1.89400562127947e-09,0,0,1.24737600874313e-12,1.32605311847567e-14,1.46667753118009e-11,2.36485099554779e-11,1.03114800505743e-07,0,4.59785402385666e-11,3.57290502693416e-13,1.57054541339114e-06
"123",9.87857313490882e-08,1.07780268272575e-09,0,0,4.58326103980312e-13,9.9123574163462e-15,2.23807714489925e-13,0,1.54982468926482e-07,9.04737808767247e-10,9.37135863334128e-14,8.98588124050418e-16,0
"124",1.48771189793113e-06,2.04877472712055e-09,0,2.24103028408267e-08,1.41398840735351e-13,1.98408882343206e-14,2.97874814953125e-11,0,2.79831778837425e-07,4.4440945904385e-06,3.99914181456838e-09,3.81599606715567e-12,0
"125",7.26633910988981e-08,1.83941294562077e-09,1.39353995155635e-07,5.02781680313717e-07,7.80096814005272e-14,4.13890098657609e-14,2.70173195483466e-11,1.35527562114275e-11,5.19582492799281e-08,2.32017895194327e-07,4.78683750252903e-09,1.40859331491358e-11,0
"126",5.01542860107618e-08,1.25292175759537e-09,0,0,8.25163623432633e-13,8.77210070127982e-15,9.70235869178891e-12,1.56439518051234e-11,6.82124570445968e-08,0,3.04157035228112e-11,2.36354654694403e-13,1.03894650449879e-06
"127",6.5348693138319e-08,7.12987552101085e-10,0,0,3.03191680794973e-13,6.55721827668716e-15,1.48053179912259e-13,0,1.02523934027535e-07,5.98501753525882e-10,6.19933700197289e-14,5.94433616822644e-16,0
"128",9.84150514132173e-07,1.35530454776939e-09,0,1.48248535844393e-08,9.3538098338063e-14,1.31251355748379e-14,1.97050015322734e-11,0,1.85114194083108e-07,2.93985548015998e-06,2.64551051743832e-09,2.52435602393189e-12,0
"129",4.806825421509e-08,1.21680763503435e-09,9.21853929981402e-08,3.32599913911482e-07,5.16049298015157e-14,2.73796394284774e-14,1.78724852311488e-11,8.96541327116667e-12,3.43713979926884e-08,1.53484375006277e-07,3.16658661917832e-09,9.31812024225349e-12,0
"130",3.31780410118816e-08,8.28832244750888e-10,0,0,5.45861873776574e-13,5.8029161608435e-15,6.41830001366355e-12,1.03487800517569e-11,4.51238742958324e-08,0,2.01205826889556e-11,1.5635322622512e-13,6.87283430333662e-07
"131",4.32294384681457e-08,4.71655208878758e-10,0,0,2.00567226053591e-13,4.337728122799e-15,9.79400738356516e-14,0,6.78215873142949e-08,3.95920614240304e-10,4.10098266085968e-14,3.93229462254749e-16,0
"132",6.51034811117343e-07,8.96560462645878e-10,0,9.8069305605133e-09,6.18772812789669e-14,8.68253385752593e-15,1.30352438640373e-11,0,1.22456659473786e-07,1.94477189185434e-06,1.7500569428124e-09,1.66991087606414e-12,0
"133",3.17980901846673e-08,8.04942046430044e-10,6.09824402431416e-08,2.20021347366715e-07,3.41376702482132e-14,1.81121669173724e-14,1.18229984942077e-11,5.93079620623866e-12,2.27373519382257e-08,1.01532915602638e-07,2.09475897426254e-09,6.16411876513989e-12,0
"134",2.19479229581674e-08,5.48288738522052e-10,0,0,3.61098304362176e-13,3.83874252205811e-15,4.24583097512735e-12,6.84592038467976e-12,2.98503252878701e-08,0,1.33101589262756e-11,1.03430716787074e-13,4.54651429660548e-07
"135",2.85971189403233e-08,3.12009144348884e-10,0,0,1.32679142321306e-13,2.8694919817169e-15,6.47892741555269e-14,0,4.48653063254006e-08,2.61909228932011e-10,2.71288022885665e-14,2.60128979265476e-16,0
"136",4.30672259172007e-07,5.93092279150653e-10,0,6.48747634982916e-09,4.09330316363546e-14,5.7436659421337e-15,8.62306873291162e-12,0,8.10074750007908e-08,1.28650463836436e-06,1.15769689173322e-09,1.10467870124509e-12,0
"137",2.10350584996868e-08,5.32484905136789e-10,4.03410767916709e-08,1.4554842401417e-07,2.25827364644823e-14,1.19815526168528e-14,7.82114471413407e-12,3.92333767290547e-12,1.50412029581313e-08,6.71660092458978e-08,1.38572402652042e-09,4.07768510846783e-12,0
"138",1.45189802497726e-08,3.62703722851006e-10,0,0,2.38873589963546e-13,2.53940324867887e-15,2.80870022139415e-12,4.52871021308615e-12,1.97465739300217e-08,0,8.80493042281324e-12,6.84214418427471e-14,3.00760811870624e-07
"139",1.89175534234525e-08,2.06400150628564e-10,0,0,8.77698473150031e-14,1.8982250616077e-15,4.28593718710474e-14,0,2.96792775188818e-08,1.7325807682781e-10,1.79462332439575e-14,1.72080406858886e-16,0
"140",2.84898121656492e-07,3.92342141153566e-10,0,4.29159247431133e-09,2.70780009126281e-14,3.79954734368602e-15,5.70432859930308e-12,0,5.35880288928548e-08,8.51047977125417e-07,7.65839133768363e-10,7.30766563938267e-13,0
"141",1.39151025585368e-08,3.52249178007347e-10,2.6686411206618e-08,9.62831288261321e-08,1.49389217985944e-14,7.92603136694357e-15,5.17384017847888e-12,2.59536459530471e-12,9.95004990213268e-09,4.44316286126902e-08,9.16683542722129e-10,2.69746844234319e-12,0
"142",9.60458936798122e-09,2.39935605689425e-10,0,0,1.58019551165883e-13,1.67986490949735e-15,1.8580101233123e-12,2.99583036928207e-12,1.30627448181364e-08,0,5.82463366365494e-12,4.52621218267095e-14,1.98959158722132e-07
"143",1.25143315407399e-08,1.36537735996155e-10,0,0,5.80614704234631e-14,1.25571299988774e-15,2.83523126493311e-14,0,1.96334224858307e-08,1.14613606051522e-10,1.18717842468947e-14,1.13834554336599e-16,0
"144",1.88465678935174e-07,2.59541999004618e-10,0,2.8389723480149e-09,1.7912627140304e-14,2.51347487168596e-15,3.77352492212364e-12,0,3.54495290785622e-08,5.62984879938021e-07,5.06617563715661e-10,4.83416372894894e-13,0
"145",9.20511246581414e-09,2.33019719826569e-10,1.76535828918614e-08,6.36931726285612e-08,9.88238891489159e-15,5.24322475047271e-15,3.42259645753225e-12,1.71688443466882e-12,6.58215259314807e-09,2.93923912309351e-08,6.06404090147463e-10,1.78442812622464e-12,0
"146",6.3536236939907e-09,1.58722095337301e-10,0,0,1.04533023321991e-13,1.11126348902195e-15,1.22911003176317e-12,1.9818003756519e-12,8.64126115185604e-09,0,3.85310907487474e-12,2.994177873311e-14,1.31615374334228e-07
"147",8.2784750441041e-09,9.03223824894615e-11,0,0,3.84087981335525e-14,8.30678706112749e-16,1.87556092745364e-14,0,1.29878929250177e-08,7.58191417834374e-11,7.85341744358927e-15,7.53037838389032e-17,0
"148",1.24673732244969e-07,1.7169210793736e-10,0,1.87803572707276e-09,1.18495531521279e-14,1.66271278106196e-15,2.49626053092872e-12,0,2.34505567354314e-08,3.72425507794985e-07,3.35137425796292e-10,3.1978938434654e-13,0
"149",6.08936191104846e-09,1.54147101592158e-10,1.16781903159213e-08,4.21342792756299e-08,6.53739352691179e-15,3.46849570878885e-15,2.26411448885464e-12,1.13575262887563e-12,4.35422266075266e-09,1.9443641596014e-08,4.01148164453346e-10,1.18043410172228e-12,0
"150",4.20304632485553e-09,1.04997770030317e-10,0,0,6.91506391722696e-14,7.3512252982458e-16,8.13080322451471e-13,1.3109997045244e-12,5.71636324020523e-09,0,2.54890700431896e-12,1.98070721725088e-14,8.70661439885351e-08
"151",5.47637313529272e-09,5.97500223586711e-11,0,0,2.54081710866873e-14,5.49510208822268e-16,1.24072023192568e-14,0,8.59174516075655e-09,5.01558450066816e-11,5.19518922013805e-15,4.98149256480472e-17,0
"152",8.24741119959386e-08,1.13577687006447e-10,0,1.24235736027084e-09,7.8387111396504e-15,1.09991702063541e-15,1.65132515800789e-12,0,1.55130018788953e-08,2.46366756548811e-07,2.21699961102026e-10,2.11546931537162e-13,0
"153",4.02823198754348e-09,1.0197132219946e-10,7.72535127233308e-09,2.78726497175727e-08,4.32461366313036e-15,2.29447774116531e-15,1.49775601133462e-12,7.51322574746702e-13,2.88040344113995e-09,1.28623491550544e-08,2.65367355627758e-10,7.80880242824347e-13,0
"154",2.78039733854396e-09,6.94580782084004e-11,0,0,4.57445001203504e-14,4.86297929513832e-16,5.37868533876852e-13,8.67251942415091e-13,3.7814860724295e-09,0,1.68615182970844e-12,1.31027655886435e-14,5.75959569114026e-08
"155",3.62272792479034e-09,3.95258082599653e-11,0,0,1.68080020553005e-14,3.63511749341636e-16,8.2076069690771e-15,0,5.68360744375964e-09,3.31790723181701e-11,3.43671926609104e-15,3.29535474954244e-17,0
"156",5.45582379466556e-08,7.51338610767174e-11,0,8.21843689323666e-10,5.18546071248644e-15,7.27616619095676e-16,1.09238388528912e-12,0,1.0262154114704e-08,1.62976427398184e-07,1.46658859827e-10,1.3994243221749e-13,0
"157",2.66475423574793e-09,6.74560237831626e-11,5.11047094339375e-09,1.84383028649038e-08,2.8608165101801e-15,1.51784189652101e-15,9.90794891570973e-13,4.97014576037424e-13,1.90544320540023e-09,8.50869550179551e-09,1.75545695264072e-10,5.16567551499687e-13,0
"158",1.83928721281654e-09,4.59478770550198e-11,0,0,3.02608814077294e-14,3.21695590401605e-16,3.55810553700986e-13,5.73704119861416e-13,2.50152698754407e-09,0,1.11542240968841e-12,8.66773567419151e-15,3.81008518417557e-08
"159",2.39650536821104e-09,2.6147095129527e-11,0,0,1.1118822056382e-14,2.4047013101472e-16,5.42949251776834e-15,0,3.75981747250933e-09,2.19486051874455e-11,2.27345700290151e-15,2.17994161068423e-17,0
"160",3.60913413410316e-08,4.97025184178567e-11,0,5.43665672438957e-10,3.43028366802908e-15,4.8133262278129e-16,7.22633302746329e-13,0,6.78861563326496e-09,1.07812093886186e-07,9.70177038319695e-11,9.25746556220154e-14,0
"161",1.7627870388038e-09,4.46234789006067e-11,3.38067646927652e-09,1.21972979240499e-08,1.89248606752884e-15,1.00408209742075e-15,6.55430196730362e-13,3.2878486165139e-13,1.26048794316432e-09,5.62866847024018e-09,1.16126910383709e-10,3.41719537297098e-13,0
"162",1.21672446032553e-09,3.03954192272467e-11,0,0,2.00181648321322e-14,2.12807924120298e-16,2.35375639494071e-13,3.79516494629455e-13,1.65480902204962e-09,0,7.37873737177177e-13,5.73387665446514e-15,2.5204458592475e-08
"163",1.58533516706108e-09,1.72968147600161e-11,0,0,7.35531822965834e-15,1.59075694293145e-16,3.59171547950197e-15,0,2.48719278494637e-09,1.45194315577817e-11,1.50393626707856e-15,1.44207400634253e-17,0
"164",2.38751280983169e-08,3.28791879144208e-11,0,3.59645474228493e-10,2.26919972892916e-15,3.18410942896634e-16,4.78036061562607e-13,0,4.49080199937521e-09,7.13198084758935e-08,6.41791083602501e-11,6.12399450812436e-14,0
"165",1.16611809918092e-09,2.95193039482105e-11,2.2363835968374e-09,8.06875110676347e-09,1.25191654307297e-15,6.64219943244204e-16,4.33579892711052e-13,2.17497615689613e-13,8.33837424468853e-10,3.72347426714124e-09,7.6820222193315e-11,2.26054156579391e-13,0
"166",8.04887024733597e-10,2.01071642307605e-11,0,0,1.32424075111063e-14,1.40776603471169e-16,1.55705588524507e-13,2.51057583010947e-13,1.09468852948306e-09,0,4.88117906980107e-13,3.79307153845424e-15,1.66732422565834e-08
"167",1.04873021577945e-09,1.14421812197584e-11,0,0,4.86568684930897e-15,1.05231682654579e-16,2.3759900291743e-15,0,1.64532666671199e-09,9.60488791705502e-12,9.94883251606489e-16,9.53960156353029e-18,0
"168",1.57938641383493e-08,2.17502257898347e-11,0,2.37912514418611e-10,1.50111999709072e-15,2.10635065561288e-16,3.1623020318302e-13,0,2.97075334458035e-09,4.71794480349096e-08,4.24557352650872e-11,4.05114212778325e-14,0
"169",7.71409927179906e-10,1.95275968403931e-11,1.4794114839607e-09,5.33763664938666e-09,8.2816727568638e-16,4.39394481921987e-16,2.86821578104168e-13,1.43878926155744e-13,5.51599762786636e-10,2.46315104386871e-09,5.08180792749150e-11,1.49539245285797e-13,0
"170",5.32448507208586e-10,1.33012823537686e-11,0,0,8.76011153673403e-15,9.31264762193528e-17,1.03002291782935e-13,1.66079500836553e-13,7.2415786995018e-10,0,3.22899541086973e-13,2.50919099988448e-15,1.10296758141719e-08
"171",6.93755546675789e-10,7.56922663983429e-12,0,0,3.21874700404879e-15,6.96128159837381e-17,1.5717638690909e-15,0,1.08841576599056e-09,6.35382119004143e-12,6.58134726845707e-16,6.31063299044679e-18,0
"172",1.04479499918671e-08,1.43881997067604e-11,0,1.57383780898143e-10,9.9302023393464e-16,1.39339215042025e-16,2.09192463594249e-13,0,1.96521143340615e-09,3.12101275150101e-08,2.80852991409827e-11,2.67990974154658e-14,0
"173",5.1030275249967e-10,1.29178871910375e-11,9.78659627968075e-10,3.53095102623679e-09,5.47848848481764e-16,2.90668042577139e-16,1.8973808299037e-13,9.51787233441314e-14,3.64894030152323e-10,1.62942258482952e-09,3.36171532372407e-11,9.89231351416983e-14,0
"174",3.52225100066044e-10,8.79905839650987e-12,0,0,5.79498509403671e-15,6.16049851977699e-17,6.81380303242421e-14,1.09864837649281e-13,4.79044592582346e-10,0,2.13604361043093e-13,1.65987891609e-15,7.29634624709507e-09
"175",4.58932861189384e-10,5.00719144582702e-12,0,0,2.12926408890133e-15,4.60502391194532e-17,1.03975253677227e-15,0,7.20008314229905e-10,4.20317697235532e-12,4.35368992272065e-16,4.17460713373628e-18,0
"176",6.91152323942709e-09,9.51807548123814e-12,0,1.04112448856776e-10,6.56902304222659e-16,9.21756156639477e-17,1.38384905629347e-13,0,1.30002579481596e-09,2.06461096955277e-08,1.85789746170555e-11,1.77281270227024e-14,0
"177",3.3757525024436e-10,8.54543499869856e-12,6.47402482540182e-10,2.33579315503149e-09,3.62412726986879e-16,1.92282594460588e-16,1.25515452410578e-13,6.29625868044962e-14,2.41384536802832e-10,1.07789490480554e-09,2.22384042825085e-11,6.54395884341952e-14,0
"178",2.3300379179753e-10,5.82074920342208e-12,0,0,3.83349596626571e-15,4.07529024536286e-17,4.5074639564831e-14,7.26777386185784e-14,3.16897366175381e-10,0,1.41303462070695e-13,1.09804236353748e-15,4.82667572958898e-09
"179",3.03593062554501e-10,3.31235506190527e-12,0,0,1.408549834635e-15,3.04631337346589e-17,6.87816636445307e-16,0,4.76299580324793e-10,2.78048376442001e-12,2.88005102451357e-16,2.76158425746258e-18,0
"180",4.57210778442903e-09,6.29639306604708e-12,0,6.88724209387878e-11,4.34553720605698e-16,6.09759723453679e-17,9.15443213250138e-14,0,8.59992486537498e-10,1.3657805318314e-08,1.2290355039071e-11,1.17275027162555e-14,0
"181",2.23312629648447e-10,5.65297236591809e-12,4.28269402784503e-10,1.54517285075653e-09,2.39743106234598e-16,1.27198696508519e-16,8.30309263461441e-14,4.16509824656956e-14,1.59680591604074e-10,7.13048558810362e-10,1.47111393264685e-11,4.32895674839136e-14,0
"182",1.5413656488946e-10,3.85053942846631e-12,0,0,2.5359325494207e-15,2.69588419356537e-17,2.98177555504797e-14,4.80777453799381e-14,2.09633804960716e-10,0,9.3475003486171e-14,7.26376496764657e-16,3.19294038545369e-09
"183",2.00832747936928e-10,2.19118764976986e-12,0,0,9.31783261170765e-16,2.01519587016367e-17,4.55004155930764e-16,0,3.15081486885629e-10,1.83934438522369e-12,1.90521007491003e-16,1.82684199177314e-18,0
"184",3.02453871140703e-09,4.16518714527033e-12,0,4.55604533180745e-11,2.87465784300626e-16,4.03367981508076e-17,6.05583587945894e-14,0,5.68901847832679e-10,9.03490530970939e-09,8.13031020817213e-12,7.75797238950602e-15,0
"185",1.47725671607756e-10,3.73955176941845e-12,2.83308585165968e-10,1.0221620581309e-09,1.58594753183419e-16,8.41444252344054e-17,5.49265815283618e-14,2.75529394264628e-14,1.05631834055113e-10,4.7169556600999e-10,9.73170635507292e-12,2.8636895460135e-14,0
"186",1.01964351964571e-10,2.54720713296785e-12,0,0,1.67756897406518e-15,1.7833801146766e-17,1.97250284118051e-14,3.18043687758233e-14,1.38676861574124e-10,0,6.18355428005592e-14,4.80512257607524e-16,2.11219250602719e-09
"187",1.32854790239672e-10,1.44951348112489e-12,0,0,6.16392849190892e-16,1.33309147722526e-17,3.00994147196278e-16,0,2.08432565299263e-10,1.21676228099092e-12,1.26033372278595e-16,1.20849170322694e-18,0
"188",2.00079150538707e-09,2.75535275087534e-12,0,3.013913084881e-11,1.90164237987405e-16,2.6683580802014e-17,4.00605386201291e-14,0,3.76339697769354e-10,5.97676654871896e-09,5.37835919881649e-12,5.13205045034128e-15,0
"189",9.77234206874803e-11,2.47378662603625e-12,1.87414169461763e-10,6.76180190825152e-10,1.04913530705225e-16,5.56631828184986e-17,3.63350078236467e-14,1.82268082550894e-14,6.98775239605406e-11,3.12035841380417e-10,6.43771406684797e-12,1.89438663691764e-14,0
"190",6.74514128364732e-11,1.68502733156705e-12,0,0,1.10974468283432e-15,1.17974082158837e-17,1.30484920364926e-14,2.10392119105205e-14,9.17374558919657e-11,0,4.09054208166515e-14,3.17868255291151e-16,1.39725664871237e-09
"191",8.78860418479678e-11,9.5888151440771e-13,0,0,4.07755923900457e-16,8.81866082082771e-18,1.99113514603151e-16,0,1.37882218046664e-10,8.04912043843373e-13,8.33735404672638e-17,7.9944089491332e-19,0
"192",1.3235627082342e-09,1.82271972830252e-12,0,1.99376244564566e-11,1.25797362274991e-16,1.76517105238645e-17,2.65008297199468e-14,0,2.48956069762642e-10,3.95374795345087e-09,3.55788978905361e-12,3.39495173513052e-15,0
"193",6.46459538611489e-11,1.63645823042249e-12,1.23978138165018e-10,4.47306419591039e-10,6.94023522474701e-17,3.68222839820256e-17,2.40363182417015e-14,1.20573901036753e-14,4.62253486227295e-11,2.0641781123701e-10,4.25867375096951e-12,1.25317380689115e-14,0
"194",4.46204286692002e-11,1.11467853217723e-12,0,0,7.34117809829734e-16,7.80421624457996e-18,8.63183265807168e-15,1.39178501210272e-14,6.06861210875621e-11,0,2.70597358154381e-14,2.10276067097477e-16,9.24312597833733e-10
"195",5.81383353793161e-11,6.34318873639785e-13,0,0,2.69738517723174e-16,5.83371659045278e-18,1.31717483768101e-16,0,9.12117836585255e-11,5.32465057838976e-13,5.51532274696343e-17,5.28845785828116e-19,0
"196",8.75562615050858e-10,1.20576474532626e-12,0,1.31891284775516e-11,8.32174152344746e-17,1.16769517078754e-17,1.75308171092022e-14,0,1.64689308725668e-10,2.61548159058806e-09,2.35361367344849e-12,2.24582696436651e-15,0
"197",4.27645626935488e-11,1.08254912195417e-12,8.20139629090339e-11,2.9590194407084e-10,4.59110132420892e-17,2.43586609496276e-17,1.59004945704279e-14,7.97619934755235e-15,3.05789720955126e-11,1.36549418834012e-10,2.81719596876669e-12,8.28998980289115e-15,0
"198",2.95172861604848e-11,7.37381647656283e-13,0,0,4.85633287588966e-16,5.16264166481618e-18,5.71012610718353e-15,9.20693003213282e-15,4.01450558754462e-11,0,1.79005444213211e-14,1.39101730537651e-16,6.1145085929737e-10
"199",3.84596458050181e-11,4.19614339634214e-13,0,0,1.78437304472509e-16,3.85911760857696e-18,8.7133691375891e-17,0,6.03383786251104e-11,3.5223604863171e-13,3.64849385460799e-17,3.49841829418148e-19,0
"200",5.79201792333248e-10,7.97636958933708e-13,0,8.72486641411439e-12,5.50499475749637e-17,7.72453190888852e-18,1.15969783498882e-14,0,1.08945198381374e-10,1.73019222045613e-09,1.55696147218691e-12,1.48565845625542e-15,0
"201",2.82895945243303e-11,7.16127414471915e-13,5.42538403270059e-11,1.95744922652697e-10,3.03710330940854e-17,1.61137305754457e-17,1.05184881079487e-14,5.27641185072899e-15,2.0228588042673e-11,9.03301109151731e-11,1.86363022634182e-12,5.48399037341265e-15,0
"202",1.95262620343528e-11,4.87792380138746e-13,0,0,3.21255916770588e-16,3.41518842174657e-18,3.77736008696244e-15,6.09056426671254e-15,2.65567395371560e-11,0,1.18415601972314e-14,9.20185150200641e-17,4.0448670094048e-10
"203",2.54418078157374e-11,2.77583091633888e-13,0,0,1.18039766423316e-16,2.55288176686569e-18,5.76406408290933e-17,0,3.9915017436093e-11,2.33011034487828e-13,2.41355003466319e-17,2.31427211656775e-19,0
"204",3.83153312481896e-10,5.27652446899883e-13,0,5.77166975617121e-12,3.64166168760167e-17,5.10992891845173e-18,7.67162796862331e-15,0,7.20693792584187e-11,1.14455598942061e-09,1.02996046174504e-12,9.82792122306644e-16,0
"205",1.87141200083345e-11,4.73732289240119e-13,3.58899763628423e-11,1.29489094316789e-10,2.00910323267798e-17,1.06595478953051e-17,6.95818558265645e-15,3.49044962461435e-15,1.33816065799093e-11,5.97551348634162e-11,1.23282783982377e-12,3.62776687676916e-15,0
"206",1.29170041907384e-11,3.22684198715419e-13,0,0,2.12517071415135e-16,2.25921392831108e-18,2.49879756746996e-15,4.0290273693285e-15,1.75678025466569e-11,0,7.83342364367637e-15,6.08720471971833e-17,2.6757586280232e-10
"207",1.6830253409366e-11,1.83626643522706e-13,0,0,7.8085613871272e-17,1.68878121286344e-18,3.81304111271455e-17,0,2.64045646108988e-11,1.5414135607073e-13,1.59661054724418e-17,1.53093626294796e-19,0
"208",2.53463409141841e-10,3.49052412380221e-13,0,3.81807241431361e-12,2.40903042257885e-17,3.38031790917755e-18,5.07493192737837e-15,0,4.76753037661345e-11,7.57146169905469e-10,6.8133898732126e-13,6.50136208360085e-16,0
"209",1.23797563583014e-11,3.13383173627248e-13,2.3741921227357e-11,8.56595681755291e-11,1.32906107838103e-17,7.05149939055381e-18,4.60297583700269e-15,2.30900068581402e-15,8.85219444292014e-12,3.95291902818342e-11,8.15539725188905e-13,2.39983873348662e-15,0
"210",8.54485087673277e-12,2.13461907853081e-13,0,0,1.40584198718797e-16,1.49451419469984e-18,1.65300345729414e-15,2.66528039635318e-15,1.16214449400506e-11,0,5.1819629304975e-15,4.02680496329263e-17,1.77006665949547e-10
"211",1.11335417622432e-11,1.21472615687585e-13,0,0,5.16551606158465e-17,1.11716179806559e-18,2.52240126378209e-17,0,1.74671358570093e-11,1.01967521424677e-13,1.05618910027158e-17,1.01274427688523e-19,0
"212",1.67671001870405e-10,2.30904996848369e-13,0,2.52572956818185e-12,1.59362073546498e-17,2.23614640231994e-18,3.35716671518238e-15,0,3.15381457781557e-11,5.00866998121007e-10,4.50719064358488e-13,4.30077815875031e-16,0
"213",8.18945092917266e-12,2.07309097866679e-13,1.57057451882196e-11,5.66654795041433e-11,8.79199894428956e-18,4.66470474576891e-18,3.04495853183925e-15,1.52744910841642e-15,5.85589973724946e-12,2.6149332403132e-11,5.39495476883673e-13,1.58754025337807e-15,0
"214",5.65258595781464e-12,1.41209226499692e-13,0,0,9.29991967129969e-17,9.88650366470188e-19,1.09349411308774e-15,1.76313510433376e-15,7.68781309648367e-12,0,3.42796981684087e-15,2.66381023129915e-17,1.17093371062851e-10
"215",7.36505560294366e-12,8.03565107922869e-14,0,0,3.41708989142053e-17,7.39024376604107e-19,1.66861776399781e-17,0,1.15548519562139e-11,6.74535094963154e-14,6.98689744633061e-18,6.69950144357285e-20,0
"216",1.10917646706523e-10,1.52748170986617e-13,0,1.67081950244648e-12,1.05421128131097e-17,1.47925457514883e-18,2.22083143474806e-15,0,2.08631001913141e-11,3.31333314197534e-10,2.9815947532209e-13,2.84504885790627e-16,0
"217",5.41748194231257e-12,1.37139022369513e-13,1.03896575831047e-11,3.74853228404645e-11,5.8160792377239e-18,3.08579341215685e-18,2.0142996159324e-15,1.01043745596792e-15,3.87379219399594e-12,1.72982947602579e-11,3.56886808316449e-13,1.05018892350075e-15,0
"218",3.73929615290144e-12,9.34126648130843e-14,0,0,6.15207873152411e-17,6.54011551437922e-19,7.23367740146701e-16,1.16634835133575e-15,5.0856387059739e-12,0,2.26766907111855e-15,1.76216256140001e-17,7.74595548326444e-11
"219",4.87212831216099e-12,5.31574033386923e-14,0,0,2.26047178768549e-17,4.88879077462892e-19,1.10382328232515e-17,0,7.6437605353852e-12,4.4621815650688e-14,4.62196929631152e-18,4.43185122017937e-20,0
"220",7.33741923986469e-11,1.01045902246449e-13,0,1.10527977536608e-12,6.97381378712447e-18,9.78555829720519e-19,1.46912342460097e-15,0,1.38013487747366e-11,2.19183466886352e-10,1.97238323723615e-13,1.88205545719795e-16,0
"221",3.5837702489595e-12,9.0720145184177e-14,6.8729616710661e-12,2.47972741208536e-11,3.84745015483125e-18,2.04131268782823e-18,1.33249858752415e-15,6.68424137208364e-16,2.56258929209611e-12,1.14431602688612e-11,2.36087602969404e-13,6.94720510359872e-16,0
"222",2.47361753071142e-12,6.17943045492191e-14,0,0,4.06972039077645e-17,4.32641431107117e-19,4.78521906265589e-16,7.71562243483128e-16,3.36424945860477e-12,0,1.50010743701551e-15,1.16570499516605e-17,5.1241010318602e-11
"223",3.22300815769446e-12,3.51646618531829e-14,0,0,1.49534629327467e-17,3.23403070246763e-19,7.3020068759418e-18,0,5.05649707531665e-12,2.95182036758628e-14,3.05752307660758e-18,2.93175625130258e-20,0
"224",4.85384631752834e-11,6.68438403867598e-14,0,7.3116418622389e-13,4.613314199883e-18,6.47333817969549e-19,9.71853875508622e-16,0,9.12986211326459e-12,1.44994149690843e-10,1.30477008330109e-13,1.24501649035838e-16,0
"225",2.37073410379376e-12,6.00131501598612e-14,4.54659855284933e-12,1.64038817657182e-11,2.54516351804451e-18,1.35036826285009e-18,8.81473873950956e-16,4.42175638446374e-16,1.69520293064345e-12,7.56987429996202e-12,1.56176566286577e-13,4.59571203537207e-16,0
"226",1.63634637055829e-12,4.0878140906936e-14,0,0,2.69219962583255e-17,2.86200767400637e-19,3.16551598955208e-16,5.10403512712945e-16,2.22551680803189e-12,0,9.9235040564329e-16,7.71136650795418e-18,3.38969303934669e-11
"227",2.13208292536894e-12,2.32621114949878e-14,0,0,9.89200815949939e-18,2.13937455429296e-19,4.83042034627019e-18,0,3.34497170003211e-12,1.95268689887182e-14,2.02261130800852e-18,1.93941409357688e-20,0
"228",3.21091426072281e-11,4.42185076120455e-14,0,4.83679407812723e-13,3.0517975610613e-18,4.28223979828226e-19,6.42900344195156e-16,0,6.03958233124322e-12,9.59164655218789e-11,8.6313092614958e-14,8.23602755878443e-17,0
"229",1.56828697166695e-12,3.96998724461721e-14,3.00766385585927e-12,1.08514885818586e-11,1.68367544033039e-18,8.9329501363792e-19,5.83112205696071e-16,2.92507832006237e-16,1.12140988995999e-12,5.00761988566714e-12,1.03313852782971e-13,3.0401533850099e-16,0
"230",1.08247512446647e-12,2.70416896216761e-14,0,0,1.78094270106603e-17,1.89327404569428e-19,2.09405073182758e-16,3.37641905095904e-16,1.47222289065525e-12,0,6.56459199708788e-16,5.10121974827147e-18,2.2423482342666e-11
"231",1.41041455008341e-12,1.53883416671122e-14,0,0,6.54375684533351e-18,1.41523810521153e-19,3.19541752261793e-18,0,2.2127641937408e-12,1.29174057029207e-14,1.33799693437572e-18,1.28296035002687e-20,0
"232",2.12408257601429e-11,2.92514075212205e-14,0,3.19963387088588e-13,2.01882376750664e-18,2.83278536992101e-19,4.25291150225581e-16,0,3.9953018220143e-12,6.34506176823408e-11,5.70977987011306e-14,5.44829329365197e-17,0
"233",1.03745250113222e-12,2.6262241992697e-14,1.98962845843804e-12,7.17847190829545e-12,1.11378422968663e-18,5.90932120772863e-19,3.85740127393334e-16,1.93499651146805e-16,7.41834572467816e-13,3.31263848323806e-12,6.83441340186442e-14,2.01112091733547e-16,0
"234",7.16078463686711e-13,1.78886065112367e-14,0,0,1.17812842481899e-17,1.25243780603909e-19,1.38525551029932e-16,2.23356723136244e-16,9.73904232916597e-13,0,4.34260598304434e-16,3.37455662278702e-18,1.48335720826439e-11
"235",9.33016806906209e-13,1.0179688946758e-14,0,0,4.3288231227072e-18,9.36207682952765e-20,2.11383118070415e-18,0,1.46378678691193e-12,8.54511648489333e-15,8.85111137918778e-19,8.48703361078169e-21,0
"236",1.40512216253071e-11,1.93503781149645e-14,0,2.11662037753819e-13,1.33549140226469e-18,1.87394292007129e-19,2.81338412855621e-16,0,2.64297028726901e-12,4.19738244353076e-11,3.77713104436933e-14,3.60415256041641e-17,0
"237",6.86295117889986e-13,1.73729866618118e-14,1.31617813437319e-12,4.74869954932588e-12,7.36790049069799e-19,3.90913154142664e-19,2.55174637793434e-16,1.28003803307177e-16,4.90738076982844e-13,2.19137513852408e-12,4.52109811892358e-14,1.33039581623975e-16,0
"238",4.73699907338426e-13,1.18336630362532e-14,0,0,7.79354992463068e-18,8.2851210133227e-20,9.16373610079585e-17,1.47754840312225e-16,6.44256695717262e-13,0,2.87271878166048e-16,2.23233519870506e-18,9.81269801757438e-12
"239",6.17208863818073e-13,6.73406331198224e-15,0,0,2.86360115001025e-18,6.19319690723549e-20,1.39834066405706e-18,0,9.68323585314194e-13,5.65276166280708e-15,5.85518326941014e-19,5.61433870571523e-21,0
"240",9.2951578904232e-12,1.28006535384822e-14,0,1.40018577230822e-13,8.83453679429221e-19,1.23964988840055e-19,1.86110861949835e-16,0,1.74837653087873e-12,2.77665057028492e-11,2.49864605131546e-14,2.3842174014184e-17,0
"241",4.53997641651647e-13,1.14925704224118e-14,8.70677575029288e-13,3.14135761730973e-12,4.87401026104502e-19,2.58596696151677e-19,1.68803013088172e-16,8.46770191263628e-17,3.24632834783752e-13,1.44963750860233e-12,2.99079482013164e-14,8.80082849624589e-17,0
"242",3.13361752366018e-13,7.82819951725261e-15,0,0,5.15558568557948e-18,5.48076957389921e-20,6.06199063643387e-17,9.77427163559088e-17,4.26188403282225e-13,0,1.90035965287359e-16,1.4767333894258e-18,6.49129163546328e-12
"243",4.08295733534295e-13,4.45471457202307e-15,0,0,1.89432816123282e-18,4.09692086811537e-20,9.25029695183215e-19,0,6.40564988193289e-13,3.73941238519002e-15,3.87331823650901e-19,3.71399484767552e-21,0
"244",6.14892872035307e-12,8.46788264491531e-15,0,9.26250270374245e-14,5.84421885736962e-19,8.20052643734228e-20,1.23115974758435e-16,0,1.15658526637701e-12,1.8368086523415e-11,1.65290322639489e-14,1.57720643672462e-17,0
"245",3.00328318317277e-13,7.60256008279926e-15,5.75970242827279e-13,2.07806949614884e-12,3.22425310368459e-19,1.71066771613824e-19,1.11666494264654e-16,5.60155040934191e-17,2.14750968719753e-13,9.58963561009516e-13,1.97846926141384e-14,5.82192015901348e-17,0
"246",2.07294927283462e-13,5.17850706870532e-15,0,0,3.41052075349497e-18,3.62563625490516e-20,4.01012535411407e-17,6.46587183231599e-17,2.81931963299246e-13,0,1.25712507375413e-16,9.76888016060499e-19,4.29411636036992e-12
"247",2.7009561235246e-13,2.94688080566223e-15,0,0,1.25313512408209e-18,2.71019327352399e-20,6.11925233217587e-19,0,4.23746266560192e-13,2.47369442064335e-15,2.5622757599498e-19,2.45688022251288e-21,0
"248",4.06763659678527e-12,5.60166996727889e-15,0,6.12732667575986e-14,3.86606506352448e-19,5.42480860755908e-20,8.14436249551361e-17,0,7.65103771856319e-13,1.21508484410063e-11,1.09342780838778e-14,1.04335290169667e-17,0
"249",1.98673055778761e-13,5.02924217021619e-15,3.81015579287609e-13,1.37468361036926e-12,2.13290648148754e-19,1.13164014799369e-19,7.38695697027919e-17,3.70553513953702e-17,1.42061965471833e-13,6.34373149071381e-13,1.30879610731275e-14,3.85131403848919e-17,0
"250",1.37129648251596e-13,3.42568369668261e-15,0,0,2.25612617448186e-18,2.39842928545721e-20,2.65277634364158e-17,4.27730066347905e-17,1.86503507175748e-13,0,8.31612820589841e-17,6.46230526617729e-19,2.8406419479997e-12
"251",1.78673529553114e-13,1.94941928206113e-15,0,0,8.28973390854443e-19,1.79284585089717e-20,4.04800508565547e-19,0,2.80316442099266e-13,1.63639723475192e-15,1.69499552299724e-19,1.62527431387065e-21,0
"252",2.69082115535677e-12,3.7056142294504e-15,0,4.05334642183791e-14,2.5574776441777e-19,3.58861698130013e-20,5.38765506169901e-17,0,5.06131107430127e-13,8.03802386536539e-12,7.23323878291022e-15,6.90198348251432e-18,0
