"","X0.2","X1.2","X2.2","X3.2","X4.2","X5.2","X6.2","X7.2","X8.2","X9.2","X10.2","X11.2","X12.2","X0.3","X1.3","X2.3","X3.3","X4.3","X5.3","X6.3","X7.3","X8.3","X9.3","X10.3","X11.3","X12.3"
"1966",0,0.000154610694323198,0.00233259356824661,0.0113634514983137,0.0365799150090518,0.0796296667309078,0.134437409098429,0.192513848081853,0.245789229358203,0.290408347128046,0.3258158817551,0.353066996347077,0.395286524819112,0,2.62254791821904e-05,0.00144444140868144,0.00796710084511149,0.0284209898082836,0.0675059991359151,0.120050661802214,0.178196850482968,0.233202201439466,0.280134419991458,0.317783423501517,0.346936846006297,0.392261882708764
"1966.25",0,0.00906060167792051,0.0481509453887773,0.118459363974002,0.141876857188234,0.0808257258157683,0.0335185186448891,0.0237018374869283,0.0255279686640003,0.0289406471932421,0.0319498244946464,0.0343156522551124,0.0380211996897172,0,0.0032916420226177,0.0348122069500285,0.100362650022023,0.146122580238701,0.0988136474989183,0.0407763014549963,0.0243064812286881,0.0247535087947818,0.0280988060107719,0.0312581312606615,0.0337818268893818,0.0377387120662619
"1966.5",0,0.0113002600489274,0.112003899496192,0.111075182386079,0.0513242628901997,0.0122443162096179,0.00442685846661245,0.00332585985087081,0.0031740472601677,0.00315261741690116,0.00315093372461829,0.00315234469204534,0.00315598134122902,0,0.00320151015753181,0.101412710586609,0.115124038247342,0.0686294602776613,0.0175865243722389,0.00525200233647432,0.00343776337014133,0.00318991872528224,0.00315471391130991,0.00315083902760153,0.00315192653419371,0.0031556802503185
"1966.75",0,0.00287310545488608,0.00940048985915837,0.0209060939531076,0.0440236206238707,0.0521019308147788,0.0534874223182826,0.0537353190527444,0.0537950385784923,0.053814504633522,0.0538234314265924,0.0538281909904909,0.0538342909192158,0,0.000948929318386653,0.00884992917062849,0.0157450080166969,0.0394344350101579,0.0511455382928882,0.0533312317208238,0.0537035001934521,0.0537859446600837,0.0538112513100561,0.0538218533880043,0.0538274920995845,0.0538337779537369
"1967",0,0.000125723486415827,0.00263817699607418,0.016355851489444,0.0515494596113495,0.104750253912949,0.170382074650952,0.242090840012861,0.308753926073197,0.364755337828369,0.409226307276003,0.443459505237157,0.49649829409135,0,2.03927764670072e-05,0.00148383730147961,0.0111510078446711,0.040655870604397,0.0902590516059178,0.15295061372764,0.224270871835534,0.29297220501697,0.351855376489199,0.399138161714554,0.435758818616952,0.492694585866176
"1967.25",0,0.0125974242862286,0.0613069410215373,0.12826355120472,0.137574654996015,0.0730343976910473,0.0302871161118402,0.021839188906913,0.023539739748708,0.0265833960751641,0.0292554312486086,0.0313539064808155,0.0346397593382626,0,0.00459949083377379,0.0459458731450688,0.112540522331174,0.145539881676641,0.0902103936012065,0.0366678454131367,0.0223301750186454,0.0228426065785259,0.0258346388352403,0.0286415506670685,0.0308804596916284,0.0343893726048936
"1967.5",0,0.0107913312492573,0.112677013025611,0.113099252420358,0.0539281215159741,0.0134279318938819,0.00456332459991572,0.00319108581246386,0.00298992668036702,0.00296127446495946,0.00295967546862262,0.00296227488362176,0.00296843440072337,0,0.00281450585744136,0.101909673577125,0.116753473924755,0.0712948822199836,0.0191864651798269,0.00554960066365448,0.00333601715657639,0.00301130497699036,0.00296397733826241,0.00295935395577921,0.00296153814092916,0.00296794657499758
"1967.75",0,0.00102555923783498,0.00362891092513871,0.0167599862268715,0.0444827888488013,0.0540906126130763,0.0556459068365372,0.0559153461031475,0.0559815497659101,0.0560047879243624,0.0560162620764749,0.0560231165583192,0.0560317028686483,0,0.00041518048330074,0.00311287993508307,0.0107652927539218,0.0389393695104276,0.0529831197593046,0.055474808334211,0.0558807818476907,0.0559713334961558,0.0560007739283524,0.0560139960566239,0.0560215150112714,0.056031291927475
"1968",0,0.000208123997931096,0.00307200524318234,0.0146644141257005,0.0426623202729954,0.0843560515099643,0.136088629207424,0.19277788216067,0.245509242410807,0.289814048354318,0.324997765411704,0.352080951584652,0.394038948634803,0,3.57246753503658e-05,0.00190129068482112,0.010429448005821,0.0340770895093814,0.0729851169536908,0.122323369101621,0.178684131230441,0.233025814875411,0.279608023605834,0.317015552872628,0.345986609100967,0.391032878527529
"1968.25",0,0.000842816808889169,0.0118871711994629,0.058824151987506,0.0922170299582823,0.0595257805147021,0.0233109305518055,0.0138057212033764,0.0134871632040012,0.0147261367429783,0.0159588896936519,0.016951827840966,0.0185195555231594,0,0.000275447928648958,0.00646908532512681,0.0447355302667714,0.0896998614015355,0.0717396809110347,0.0292950758214897,0.0147529839992762,0.0132900754831464,0.0143949153560519,0.0156712678342193,0.0167268751098721,0.0183999258615593
"1968.5",0,0.00849902435571641,0.116033315221733,0.112876972133347,0.0515392527748446,0.0118645374111465,0.00386568611468783,0.00272658023885588,0.00256920933433778,0.00254800531310145,0.00254735796004745,0.0025497318550261,0.00255502565651288,0,0.000959043477215436,0.105683984495194,0.117274963928668,0.0691400573959244,0.0173008267946651,0.00471528161534769,0.00284280468628438,0.00258552958521667,0.00254988662830899,0.00254697851045183,0.00254908378157285,0.00255461456472657
"1968.75",0,0.00239127390070874,0.00793793029842215,0.0133216195882767,0.0226715215760226,0.0255623649451051,0.0259963301699674,0.0260828068178489,0.0261105592637607,0.0261229436851014,0.0261300431011529,0.0261346658920351,0.0261412295811955,0,0.000740273513277165,0.00754509477984593,0.0110556104198907,0.0208999116634282,0.0252487388414501,0.025947109367347,0.0260701999317082,0.0261057585671257,0.0261205892145537,0.0261286109384654,0.0261337001311149,0.0261406823864824
"1969",0,0.000189562766250076,0.00227665424954496,0.00834200362003789,0.0221323866392129,0.0425930063031921,0.0680045071844331,0.0957197473350856,0.121446723169018,0.143050523057805,0.160204367254059,0.173408323506792,0.193865692006196,0,3.32995845784925e-05,0.00150984930066553,0.00624390859741812,0.0179089425394132,0.0370033352928698,0.0612548159361719,0.0888385667558627,0.115358555288242,0.138074084094817,0.156312678141869,0.170437695717908,0.192399810602781
"1969.25",0,0.00227825602274221,0.0215741689913193,0.0906887143837286,0.134548445802676,0.0816422842558125,0.0262184372642063,0.0102423942151847,0.00791598076893331,0.00818795420329196,0.00877871789519181,0.00930245615221334,0.0101538515673643,0,0.000788994727550086,0.0128811040184311,0.0704158222907073,0.132568158818403,0.100399611042266,0.0355136813716375,0.0121322766421826,0.0080650735749472,0.0080567952837524,0.0086323267361358,0.00918204389641683,0.010088609279537
"1969.5",0,0.0155671649754913,0.13286871002163,0.133138063529091,0.0604007229171695,0.0124316891367328,0.00276723349767447,0.00139479679260893,0.0012045457308882,0.00117797034178887,0.00117627468396276,0.00117843472874161,0.0011837040184753,0,0.005389144210497,0.119852802939675,0.137948188470793,0.0815567878382266,0.019010813266544,0.00379186816213911,0.00153483261699127,0.00122443606423512,0.00118049005676348,0.00117603973004922,0.00117781990497507,0.00118328513056679
"1969.75",0,0.00462006026380573,0.0147227103411157,0.0200493331450608,0.0274245877683661,0.0294875752983325,0.0298195578933905,0.0298993893546679,0.0299275197877871,0.0299405485879529,0.0299481227781664,0.0299528357864377,0.0299596483852103,0,0.00152126905261541,0.0141380939852691,0.017982032496917,0.0261208682683112,0.0292636398562435,0.0297780527717824,0.0298869716949443,0.0299225458055691,0.0299380494349115,0.0299464649400345,0.0299518220558008,0.029959119870111
"1970",0,0.000104256539046415,0.00128384244949696,0.00489824095641827,0.0145538238599919,0.0302781203836531,0.0494866265667238,0.069750433302725,0.0883445881122946,0.103919663431666,0.11627884655125,0.125791266533763,0.140527810789902,0,1.8195944886334e-05,0.000847123114378253,0.00360387007316145,0.0114343719485689,0.0259559512196753,0.0444647024682533,0.0647539430274133,0.0839506820469879,0.100332073523464,0.113475393015072,0.123650927067391,0.139471540625814
"1970.25",0,0.0125695202157809,0.0579078560890173,0.106950501500141,0.101904061442265,0.0468195610773069,0.0145344853252793,0.00643401013275485,0.00535776175789972,0.00554480576387906,0.00587297053659982,0.00615824041117776,0.00661917087267065,0,0.00460361199713973,0.0444148833710773,0.0967364614790547,0.111422176571562,0.0601436521815321,0.0194781506498739,0.00735760139984088,0.00541445533624086,0.00546873099387176,0.00579265028426979,0.00609286167707358,0.00658386935183462
"1970.5",0,0.0106922166207314,0.134552831454552,0.132818691265783,0.0617323558620174,0.0141267585391865,0.00390800537213952,0.00234275502022988,0.00210923068673691,0.00207167782857804,0.0020657891551152,0.00206563047405612,0.00206776235433439,0,0.00174215281640652,0.122206477725554,0.137546529567894,0.0823738799774705,0.0208288659590989,0.00503586367026696,0.00250837896659748,0.00213485821153775,0.00207590587786254,0.00206633995664471,0.00206549362429948,0.00206756114091458
"1970.75",0,0.00630716272241792,0.0203203590742153,0.022464348545429,0.0213149911217838,0.020135641957969,0.0199230827238325,0.0199162280238702,0.0199254077741011,0.0199316047496647,0.0199356129946797,0.0199381858003932,0.0199417559998933,0,0.00192148591381644,0.0197125591751308,0.0220147742829818,0.0218017136076575,0.0202987866178682,0.019939876798834,0.0199143852158733,0.0199233603287281,0.0199303877736148,0.0199347937132691,0.0199375784826726,0.0199415756849482
"1971",0,0.000508738561967089,0.00360619742432212,0.010108287262434,0.0177147257446226,0.0203820358720062,0.0192490440263454,0.0186562481661922,0.0184968447416952,0.0182345329710446,0.0175248459390719,0.0163489692817412,0.0129855482709046,0,0.000153805839309268,0.00255769591415654,0.00819267873742195,0.0160360891531565,0.0203392150304107,0.0195358571412392,0.0187374607354008,0.0185286747390885,0.0183328665751872,0.0177516980812501,0.0166751063680983,0.0132911228759444
"1971.25",0,0.0162309829715227,0.0896840458794361,0.234089188310987,0.28588838147799,0.153801176227223,0.042434071221303,0.00989407677858154,0.00345999014943614,0.00223201721078142,0.00193336559161638,0.00180067372429175,0.00158664718022581,0,0.0058895386114082,0.0638354835919154,0.196183079838374,0.293898615105898,0.193802013643668,0.0608222219068253,0.0140075891102692,0.00422736823588334,0.0023883631508532,0.00198127672919582,0.00182882785474942,0.00160342261785855
"1971.5",0,0.00988643648587779,0.137032794681181,0.140112659441728,0.0703752566936798,0.0178393500376201,0.00419614145764302,0.00173310822377392,0.00132547208219999,0.00125417853237175,0.00124089791729467,0.00123881987774369,0.00124008213754135,0,0.00109409067202509,0.123953893846594,0.143555022358479,0.0913974545724573,0.0259189137806646,0.00585105575298443,0.00201001135514913,0.00137202617153618,0.00126268198316844,0.00124246509633024,0.00123897152873294,0.00123989698880747
"1971.75",0,0.0049906538727455,0.0135294531588422,0.0166729341812742,0.0184197415732753,0.0184782220637254,0.0184993510250661,0.0185269393919237,0.0185412364520151,0.0185483944505147,0.0185525222281927,0.0185551703884845,0.0185588166483354,0,0.00243559637005023,0.0127388505392984,0.0157509318205383,0.0182716555435692,0.01848180870396,0.0184911604338385,0.0185214659882701,0.0185385999278917,0.0185470091442928,0.0185516940265724,0.0185546138311394,0.0185586192275411
"1972",0,0.000650164026287229,0.00463712880939824,0.0119316121646349,0.0199197647749048,0.0230512404447588,0.022463559035702,0.0220817301024496,0.0219621826541621,0.0216621906324964,0.0208204884846759,0.0194234696868902,0.0154282273185326,0,0.000190881793178602,0.00332569771936042,0.0098836901718102,0.0181577348792643,0.0228582223541649,0.0226444457931849,0.0221343424481015,0.021991843154922,0.0217777097088634,0.0210898467972959,0.0198109595345253,0.0157911475031742
"1972.25",0,0.0243402482539086,0.124297139444647,0.284607610603786,0.321260276154351,0.164687206693652,0.045336419967294,0.0112330651706141,0.00453338451388009,0.00324735676121375,0.00291230793988339,0.00273788459076417,0.00242105956012946,0,0.00887479298888801,0.0913309711513474,0.244936626285756,0.336438029731398,0.209043878368999,0.064748411302314,0.0155248452753498,0.00533191599196378,0.00341358598787869,0.00296963319539082,0.00277697208652247,0.00244628204898975
"1972.5",0,0.0282373660470058,0.249322711312154,0.248762171568768,0.112119268571728,0.0225364867672448,0.0046149568201409,0.00208154647507565,0.001723084715302,0.00166539837151713,0.0016549370526298,0.00165318951366813,0.00165385290989131,0,0.0093941164658162,0.225133541470543,0.257966089479179,0.151753282442096,0.034782803725145,0.00650773210597678,0.00234082526722884,0.00176195311584241,0.00167212423987118,0.00165617843325051,0.00165334871937938,0.00165373881625469
"1972.75",0,0.0122157071101849,0.0391040575903884,0.0400063505055533,0.0299544576022071,0.0245994922909005,0.0235995762744011,0.0234821495291917,0.023475346027609,0.0234785134479503,0.0234813311378828,0.0234833289442239,0.0234858271227489,0,0.00380814440131051,0.0379311731092406,0.0407343291408234,0.0325240184017129,0.0253055466110329,0.0236994114048671,0.0234916068767255,0.0234750306589233,0.0234777647735253,0.0234806914199164,0.0234828264165349,0.0234857514087753
"1973",0,0.000731666746721546,0.00605123826848526,0.0224899293469208,0.04188410420649,0.0417714458961278,0.0312625763049028,0.0270493974181835,0.0261046686697944,0.0256080952228554,0.0246100376806447,0.0229968865324321,0.0184002504389728,0,0.000216412028925077,0.00403649522517889,0.0172132479442492,0.0381788072350295,0.0439373899464002,0.0334053517464112,0.0276153108758356,0.0262356751058548,0.0257593682317511,0.0249236012800191,0.0234433990428061,0.0188175851147789
"1973.25",0,0.0427525130233497,0.208463786745812,0.429733633911094,0.449353951042452,0.218255113050801,0.0596736017189586,0.0155367106277991,0.00693653771326275,0.00527162116342059,0.00479009978564318,0.00448562251662655,0.00386556015029218,0,0.0156323924778291,0.156480784843035,0.378522614073478,0.479671744485566,0.279471561779326,0.085015223169203,0.0210606425505881,0.00796164147685155,0.00549189547840139,0.00487993747603423,0.00455766826847919,0.00391559418691383
"1973.5",0,0.0244243833799597,0.18965173465738,0.198577810865014,0.0985547545018322,0.0248632484637708,0.00711884813212541,0.0041128971006791,0.00363401174975992,0.00355209893832857,0.00353688685350165,0.00353427885452809,0.0035350049232977,0,0.00938329906465684,0.169783861651647,0.203397333799463,0.128812280470301,0.0358141363229879,0.00919487234559035,0.0044432795524006,0.00368798795868536,0.00356179417387545,0.00353869903346759,0.00353453293896371,0.0035348592839931
"1973.75",0,0.00416130600787162,0.0127982604696152,0.0227942326462761,0.0411667912923472,0.0473816182008473,0.0484527454859163,0.0486530529997075,0.0487032084017409,0.048720208021141,0.0487275423607988,0.0487314157560012,0.0487358001875218,0,0.0015812110411981,0.0121008388919906,0.0184867891237759,0.0375953867767383,0.0466494492614274,0.0483297549009219,0.0486266360087182,0.0486955008068223,0.0487173613430764,0.0487261072622597,0.0487307453584567,0.0487357123952349
"1974",0,0.000762460108557474,0.00551122267327813,0.0124728404682043,0.0207840935132921,0.0264707325897466,0.0279261406156179,0.0282401523271724,0.0282714686719071,0.0279915283147239,0.027125593916568,0.0256789726656697,0.0215369384883283,0,0.000213713546853154,0.00401233465960812,0.010673172524226,0.0186266888492818,0.0255902061539762,0.0277429944684799,0.0281994567774617,0.0282831762031561,0.0281074267340477,0.0274040338414477,0.0260804812299858,0.0219133030139935
"1974.25",0,0.0525893831245317,0.256644145859806,0.52585757435556,0.547518782536389,0.264984505523187,0.0722257337017987,0.0186684124019855,0.00824294147491703,0.00624723356027512,0.00572773450358077,0.00545712012947411,0.00496569076900726,0,0.0192197010379077,0.192801389072176,0.463803979286237,0.585090197097272,0.339556314391303,0.102995819144329,0.025368699958813,0.00948306557430451,0.00650489877716376,0.00581667540788208,0.0055177483884827,0.00500481999845672
"1974.5",0,0.0234274937290611,0.232281067367733,0.234621158567048,0.112505222702233,0.028032268163539,0.00927446053460336,0.00631873167116569,0.00586799930816511,0.0057879753345975,0.00576405884640798,0.00574802752222362,0.00571548655816001,0,0.00667784275296763,0.209763079485842,0.241929961516804,0.148501150357163,0.0401217849511584,0.01137918905357,0.00663459122228212,0.00591845128663584,0.00579851734797322,0.00576866826179535,0.00575183838180499,0.0057182715688471
"1974.75",0,0.00459796409884306,0.014863839478654,0.0218042459011686,0.0308911383955588,0.0327058150065129,0.0327611131067939,0.032784508772908,0.0328003591410502,0.0328030486011359,0.0327962494631853,0.0327842499289733,0.0327539546589362,0,0.00161933422360696,0.014015140479038,0.019213678401988,0.0293728639487997,0.0326026829890694,0.0327571453625323,0.0327786814901147,0.0327977196021324,0.0328035354105847,0.0327985533292454,0.0327875642177568,0.0327567498794059
"1975",0,0.000829959075938279,0.00586392622812653,0.016368126385479,0.0297097396145417,0.0363271076585619,0.0356429201768744,0.035073806658928,0.0349140588193208,0.0344876242201185,0.0332650029578282,0.0312281000540563,0.0253946459754192,0,0.000256839154113181,0.00414589895216525,0.0132914594210424,0.0264760862053176,0.0357752846972953,0.0359147431696779,0.0351486550224814,0.0349537867394035,0.0346539414474787,0.0336570953677953,0.0317934277858469,0.0259248531669193
"1975.25",0,0.0333586130987413,0.170727275044899,0.388529942365925,0.440167520764951,0.23280721870935,0.0744025092299006,0.0291806342633135,0.0202587068882971,0.0182397000914112,0.0169936541201262,0.0155493019528469,0.0119435517492791,0,0.0122575051089859,0.125519581648059,0.334671045015646,0.459899898123083,0.291666020669302,0.100158466774855,0.0348685495487636,0.021341857880585,0.0185798854347112,0.0173169444050848,0.015929173750337,0.0122404789954814
"1975.5",0,0.0173317928157232,0.186309437202268,0.189474098056888,0.0973768792900504,0.0346060162524958,0.0213182355228201,0.0193505049070548,0.0189750326219695,0.0185001236576559,0.0175687882227049,0.0162951325004845,0.0131848116023998,0,0.00436750149238287,0.168340241261067,0.194616626640029,0.124529659079238,0.0434208804985576,0.0227609982879704,0.0195571368692102,0.0190491571205784,0.0186581871424753,0.0178431842476701,0.0166310513362985,0.013458009749134
"1975.75",0,0.00389031053445453,0.0127651464025468,0.0277867660980057,0.0487397280178047,0.0542501536560559,0.0548162193765224,0.0549209493691489,0.0548037521052603,0.0542451461073741,0.0531748432934835,0.0518064459730761,0.0486537740425112,0,0.00210217911526856,0.0107847003808994,0.0224207369414543,0.0449106188686021,0.053765075422372,0.0547552605310553,0.0549107277628635,0.0548649288025953,0.0544357081307106,0.0534819078863167,0.0521602818768122,0.0489240971831686
"1976",0,0.000951495675200125,0.00690564711661665,0.0215817169080363,0.0408642399300847,0.0479173765212119,0.0440846749842244,0.0421730053598856,0.0417040232850325,0.0411546377418776,0.0397339093524799,0.0373862473612816,0.0306732891350749,0,0.000295106881537681,0.00479928776602731,0.0170555146093359,0.0363888670471759,0.0479479400672044,0.0450201131773071,0.042433278552142,0.0417850248904596,0.0413536596696513,0.040187266945355,0.0380373114211131,0.0312832676904855
"1976.25",0,0.0778301406285057,0.348825818080616,0.591237247171291,0.510957525338426,0.209975001166328,0.0577625818040362,0.0194808901708313,0.0122775278841362,0.0108000255346991,0.0101254085772735,0.00944829389042696,0.00781267226771323,0,0.0285981179556261,0.271164398510497,0.546929907269954,0.574793237261109,0.276579481655678,0.0805295202557958,0.0241613097851602,0.0131333232141247,0.01102193239618,0.0102857597138621,0.00962313598798622,0.00794693624217404
"1976.5",0,0.0142231987706021,0.17919547708893,0.183962976412535,0.0953274442674024,0.0295475882144955,0.0131173119695111,0.0102618166815335,0.00977444728760908,0.00955966599372291,0.00925036949006212,0.00884097025274173,0.00784567010801378,0,0.00239618346872746,0.161921480712387,0.188249687873365,0.122029108215867,0.0394926757060351,0.0150694584508732,0.0105784001120794,0.00983979550990522,0.00961757510481326,0.00933950284468802,0.00894861549635435,0.00793307025227601
"1976.75",0,0.0442613674344191,0.10280947618581,0.118342322869095,0.0984207259080514,0.0852475086164119,0.0829670242938485,0.082774880618466,0.0827392684097084,0.0825696589248724,0.0822282301932972,0.0817866115899465,0.0807634112683777,0,0.0278489755041082,0.0938004908190812,0.117280073186143,0.104513920404867,0.0869670004543868,0.0831688001192501,0.0827842180572628,0.0827557732602203,0.0826292261498359,0.0823269464615601,0.0819012566052307,0.0808512560232073
"1977",0,0.00127683288641089,0.00864186062101427,0.0229430986291685,0.0407506719803052,0.050715018774776,0.051439281022772,0.0512301787346351,0.0511088685307135,0.050465687113026,0.0485664528975724,0.0453969161524832,0.0363175821913753,0,0.000397745084129779,0.00619011061248924,0.0188211783585323,0.0364099939466632,0.0495245210638392,0.0514993657205777,0.051261276887313,0.0511561208974721,0.0507222333674227,0.0491762427954705,0.0462767205238702,0.0371425361685341
"1977.25",0,0.0247087885611325,0.115001087923164,0.216830579042836,0.211281165699529,0.0995892935951908,0.0311450639396216,0.0127630421346902,0.00924033578702213,0.00851044696221903,0.00814644417720737,0.00775363448783693,0.00677748078491235,0,0.00907517742664811,0.0878531062362515,0.195097285999703,0.229498850528897,0.127214309722139,0.0418372381939923,0.0150413086867367,0.00965933993618638,0.00862263999935906,0.00823639881597582,0.00785637426728267,0.00685776088510207
"1977.5",0,0.00756895661048491,0.0927508180298326,0.0954906679370473,0.0500821803791374,0.0159339953433306,0.00728461842001284,0.00578120934060644,0.00554642111097388,0.00549206779757727,0.00543991492165295,0.00537114345517731,0.00519971256127031,0,0.00138459872923229,0.0837663662940978,0.0976154790378335,0.0638290184896381,0.0211364699900734,0.00831612893107729,0.00594562231937387,0.00557295417392631,0.00550309009125173,0.00545471062756166,0.00538938458396143,0.00521491686020341
"1977.75",0,0.02334088861847,0.0544763397096885,0.0686343472639652,0.0714470750178735,0.069023567305209,0.0685136135484125,0.0685396016724417,0.0685791954815539,0.0685756612045849,0.0685324448461904,0.068465985001051,0.068302581080066,0,0.0146622451234143,0.0495914877338992,0.0652455042760911,0.0719984750904932,0.0694240218579081,0.0685444603961694,0.0685260539353477,0.0685728534074512,0.0685809239523751,0.0685460942008711,0.0684838010098037,0.0683171557933169
"1978",0,0.00142162790323845,0.0106550853159704,0.0227739628018442,0.0333917116360716,0.0384839141482134,0.0400517280727347,0.0405173215734282,0.0405815701212956,0.0401320815056817,0.0386944031781274,0.0362741052668266,0.0293234555186899,0,0.000385150153979784,0.00773000738708702,0.0198644114024248,0.0311151439342006,0.0377001576234498,0.0398124297169236,0.0404513206734674,0.0405965984925759,0.0403217438208314,0.0391584282997755,0.0369466481960407,0.0299555678985398
"1978.25",0,0.0164812827769522,0.0983628022438781,0.282626642436942,0.364206689835103,0.204592157925903,0.0608166826275486,0.0183011891558952,0.00989107026864623,0.00824894550306245,0.00771531061452406,0.00730372747168559,0.00637238811249086,0,0.00597382795626546,0.0681070127226042,0.232591094023003,0.369652034613696,0.255168779614123,0.0847616644015961,0.0236828415183829,0.010893772675731,0.0084710718729004,0.00782437757145851,0.00740600934173181,0.00644835566564435
"1978.5",0,0.0570855137031183,0.274056553227536,0.29086446717281,0.1354343972312,0.0306349009311616,0.0105001767776926,0.00785557745036428,0.00751556431590633,0.0074268331745095,0.00731192896936371,0.00715398435084847,0.00675907595609997,0,0.029478176373418,0.242420785837975,0.299502850923034,0.181739243682121,0.0447769781094395,0.0125549557435865,0.00811310585893898,0.00755226214554877,0.00744819757362459,0.00734554519733764,0.00719594804419977,0.00679393725997995
"1978.75",0,0.023543788103567,0.0533417211312936,0.0643674172030757,0.0615660928495039,0.0581991352057211,0.0578485322958973,0.0579231614013312,0.0579647521167767,0.0579259517078081,0.057805938221667,0.0576382123767905,0.0572372323807824,0,0.0151636531326665,0.0485703412890873,0.0623192228839491,0.063103118732813,0.0585910198820032,0.0578505545017989,0.0579035061418649,0.0579607287983811,0.0579441390788191,0.0578422041955464,0.0576823120072492,0.0572723704402433
"1979",0,0.00146999234384229,0.0105542975377263,0.0248922528882019,0.0401220337658293,0.0475838048422873,0.0482692967114934,0.0481899015380487,0.0480883276320646,0.0474938871058076,0.0457628693643519,0.042885904516542,0.0346585045751179,0,0.000416720358697103,0.00765601063403164,0.0210824406581081,0.0366336715642468,0.0467020748365603,0.048274452564016,0.0482047027106405,0.048132983692296,0.0477295260951584,0.0463175993644791,0.0436838029974352,0.0354057255291201
"1979.25",0,0.0162624714111122,0.0930247798022725,0.228718943330772,0.273301016673824,0.14770615200633,0.0444363882471192,0.0144272487389092,0.00849296945145725,0.00731840320637355,0.00694046437348153,0.00666821176780856,0.00608187994831095,0,0.00590388010317897,0.0667338703470913,0.193610849560838,0.282055960813606,0.185112233468558,0.0614243625543351,0.0182172246838544,0.00920393305301327,0.00747831846524889,0.00701557447836554,0.00673451896968411,0.0061294823098252
"1979.5",0,0.0266355080622922,0.138375995806838,0.187266274301319,0.130904058374552,0.0480417241124058,0.0138556125252265,0.0060751915688635,0.00464390998397825,0.00437383491241494,0.0043155503829104,0.00430060174854279,0.00429386590530929,0,0.0136944589182813,0.117614734766912,0.180653150749084,0.154018882833937,0.064497160767198,0.0186489790321412,0.00700794622306314,0.00481339325054891,0.00440767328483831,0.00432345541965728,0.00430281254742201,0.0042940331031315
"1979.75",0,0.0247865180560979,0.0561175652983613,0.068239082200197,0.0665046394283218,0.0630708109413732,0.062593694496906,0.0626175686839546,0.0626468707784458,0.0626596921665275,0.0626650204687956,0.0626670655453816,0.0626687257670796,0,0.0159599324077377,0.0511089702915042,0.0657987005647522,0.0679227950551736,0.063509104475568,0.0626170367815571,0.0626072249668862,0.062641570420049,0.0626573273983799,0.0626637834494402,0.0626668010444108,0.0626687262194865
"1980",0,0.00123119532287592,0.00905399494229005,0.0208290019514342,0.0360707197953707,0.0463461627530774,0.0482695783300356,0.0485006396816586,0.0484829572854346,0.0480397937218385,0.046713264660436,0.0445036505744602,0.0381822839549398,0,0.000338398886533511,0.00657852071392585,0.0177102994148633,0.0320285133191625,0.0448813507373165,0.0480942864191999,0.0484755940804029,0.048509478450012,0.0482189470020738,0.0471390745803265,0.0451166704974475,0.0387565548958073
"1980.25",0,0.0417640562838614,0.206036852473568,0.391647461855725,0.385500732807127,0.180524174415169,0.0519070900596272,0.0170131186440683,0.0102605577204145,0.00890389550359634,0.00839696869827536,0.00796517819705859,0.00697522896259372,0,0.0152805563115817,0.156213712883586,0.351237695557492,0.417814620477148,0.231908632711768,0.0721151745487502,0.0213565418114563,0.0110670366145743,0.00909622074923878,0.00850702189451719,0.0080737028920993,0.00705598076735394
"1980.5",0,0.0321289542845606,0.164424452722032,0.179283785276568,0.0899191505885421,0.0232389690733392,0.00769619394449481,0.00515396201996065,0.00475119074194011,0.00465453040660829,0.00458082240924049,0.00449538718099893,0.00429382768520784,0,0.0161883408964645,0.145085921629813,0.182929469888378,0.117397750314539,0.0330238326432654,0.00947813564936424,0.00542963562499177,0.00479867577254731,0.00467280619652377,0.00460033156342866,0.0045175244191236,0.00431141417324178
"1980.75",0,0.0182281194926597,0.0410662819692678,0.0614945505546578,0.0845582333045679,0.090410848552964,0.0913759362902059,0.0916104042055447,0.0916692539744979,0.0916547958645721,0.0915927569784015,0.091507721235311,0.0913065550788585,0,0.0120673198903929,0.0368601544189266,0.054488352195941,0.0807278578212196,0.0897806452524646,0.0912517582749088,0.0915758903592719,0.091662922125037,0.0916631755786484,0.0916116725843567,0.0915299716074375,0.0913241829675873
"1981",0,0.00171514375050188,0.0117625732791855,0.0274547967938366,0.0460667071507715,0.0588404211289587,0.0625739021704683,0.0634239513044791,0.063509271595756,0.0627940779265641,0.0605683851330384,0.0568423483673957,0.0461658996760439,0,0.000506584112008346,0.00857272678930805,0.0232685639722157,0.0413474730522111,0.0567583272001226,0.0620765683307074,0.0633155367218332,0.0635381415227294,0.0630911026791502,0.0612846661804267,0.0578769817273271,0.0471360390823833
"1981.25",0,0.0136878264978342,0.100891679882811,0.359886365837372,0.506558290112559,0.29738813168501,0.0886792723791433,0.0257808099396773,0.0132418422490425,0.0108191008269278,0.0101548201931514,0.00976407681568024,0.00898898546111881,0,0.0048812767650472,0.0648515657490483,0.285906783831908,0.504558647251797,0.368574838959212,0.123882666372002,0.0337771061638664,0.0147405913831007,0.0111352160504645,0.0102742937780806,0.00985513808164737,0.00905140675179738
"1981.5",0,0.0333952099792527,0.217120197625476,0.224007751976157,0.106811578331836,0.0276873470048645,0.0117715603490547,0.00954777713549157,0.00925343606358822,0.00921975868064058,0.00922335165511401,0.00923131808486631,0.00924664499290603,0,0.014659652004619,0.19424906021309,0.230903391584852,0.141459946761547,0.038557074696286,0.0134491499085862,0.00977108867861241,0.00928261819805379,0.00922185046674872,0.00922158549880934,0.00922935407136287,0.0092454566562439
"1981.75",0,0.0143483588407777,0.0441315723411692,0.0714955039402882,0.117882229955818,0.132662451654806,0.135094096250219,0.135576366124846,0.135712918536399,0.135767614062756,0.135794345142593,0.135811070288803,0.135832942129563,0,0.00544746884425999,0.0417956159276843,0.0601106773686678,0.109091249354676,0.130981102414308,0.134811423081202,0.13550921989996,0.135691039556166,0.13575718138804,0.135788432447628,0.135807546374241,0.13583154639178
"1982",0,0.00262737498868626,0.0186588093646663,0.0492738639562734,0.0902745588524406,0.113100281146841,0.113119749484428,0.11192650516983,0.111581416881615,0.110446452752135,0.107036641568204,0.101300118011051,0.0848110101212385,0,0.000779908260641015,0.0133412365762699,0.040391633848344,0.0799615731422873,0.110680370668587,0.113611063615161,0.112089561790673,0.111672052983456,0.110901108144084,0.108136208796988,0.102895854165149,0.0863109252181079
"1982.25",0,0.0369770815452859,0.194126706983838,0.468711238856561,0.554562912004021,0.30556442574566,0.104170080466493,0.0460632501609219,0.034692727651212,0.0321930275495034,0.0305968010826524,0.0286580816073866,0.0237042758470241,0,0.0136025557727906,0.140928268162719,0.398657089899012,0.573016927329927,0.378977160300962,0.137186255531944,0.0533675592338403,0.0360548824061241,0.0326131993899156,0.0310204493061726,0.0291729997468199,0.0241133788142751
"1982.5",0,0.0266404995896741,0.134445084878446,0.148580528010437,0.0868800166205736,0.0428924826579684,0.0343709353524608,0.0333441386007753,0.0331825058053815,0.0327027055028379,0.0316002179293803,0.0300450974423255,0.0262006800692183,0,0.0135873621216233,0.118646943662014,0.150400343136878,0.105990272789074,0.0488903803556946,0.035225037277575,0.0334311161583901,0.0332284908352888,0.0328787300018734,0.0319307149853217,0.0304573208256377,0.0265395237413667
"1982.75",0,0.0287631432467513,0.0763782957199345,0.102483028619783,0.125182288172462,0.131061504540797,0.132546352194577,0.13303167946076,0.133053286153797,0.132458756095404,0.131189930967354,0.129525949449914,0.125649718860189,0,0.0152239077567326,0.0706509812350023,0.0943915902471898,0.121652243246768,0.130297255810955,0.132317768180744,0.13295663365475,0.133096250313424,0.13267508426468,0.131559124361451,0.129958557010631,0.125983376901201
"1983",0,0.00190926673677314,0.0134980769939898,0.0323692864725153,0.0575195906902382,0.0746233595351513,0.077906854529511,0.0782815333976744,0.0782390749061082,0.0774549219121615,0.0751072662194995,0.0711936895368279,0.0599934724342257,0,0.000551011811077625,0.00978968940284041,0.0271854281291495,0.0508806313425176,0.0721494201795433,0.0776089890059412,0.0782438156710126,0.0782870158421294,0.0777715722045027,0.075860773574172,0.072279497754476,0.0610111693225175
"1983.25",0,0.0143359445173407,0.0944044092838638,0.29944508706604,0.407124031349027,0.240557276193671,0.0799735232706959,0.0318777060552257,0.0222692495086992,0.0202479108548359,0.0193308541413892,0.0184235194585305,0.0162450559748167,0,0.00520125521297829,0.0632832864971307,0.242099291441647,0.407872827307732,0.295908361404719,0.10694281617836,0.0379866426775677,0.0234295813059951,0.0205524351520853,0.0195473053039529,0.0186571967264852,0.0164238739780717
"1983.5",0,0.0147750522490629,0.130820245537001,0.149626307029918,0.0929595670109171,0.0368184311629209,0.0182739856694226,0.0144401163361718,0.0137476980145452,0.0135348057071749,0.0133130783805024,0.0130351066555201,0.0123663016211222,0,0.00509423528931455,0.115910089399023,0.149009765903092,0.112193422389606,0.0466267465314073,0.0207214356376644,0.0148881723789783,0.013834991451797,0.0135821481822793,0.0133746879829391,0.0131077782632388,0.0124249433543625
"1983.75",0,0.0162386665469618,0.0436329334778939,0.0815147571072013,0.148256041966773,0.170819344503257,0.17477332584038,0.175506620476889,0.175649618128235,0.175585378028775,0.175382958800544,0.175108482764999,0.174462964369841,0,0.008477676783924,0.0401270717919119,0.0656859394915199,0.13533960212955,0.16813946008373,0.174316506933731,0.175413571593765,0.175638629259204,0.175617047655268,0.17544352325226,0.175180837731135,0.174519284538248
"1984",0,0.00246089498185703,0.0174734192575102,0.0377823410023265,0.0585656789741763,0.0723538480603578,0.0775843816991803,0.0790289242351106,0.0792031505737909,0.0783129627872124,0.0755424933658058,0.0709166956868832,0.0576783803555816,0,0.000688043891793324,0.0128162615274376,0.0327629441133267,0.0535200150026061,0.0699144127684332,0.076784863594555,0.0788422252275679,0.0792342066854247,0.0786838338618099,0.076432975226196,0.0721999855446868,0.0588811863557386
"1984.25",0,0.0301727146823183,0.159890201964291,0.365085620683687,0.418555702225011,0.22589457555335,0.0762289874649852,0.0333120378762105,0.0248269581046923,0.0229361016005382,0.0218447307768772,0.0206196385815439,0.0175880557452239,0,0.01106311922813,0.117083345692572,0.31388937485356,0.435702934760997,0.281183826551288,0.100631030642377,0.0387170479939688,0.02585652703105,0.0232469201559148,0.0221226196240591,0.0209404294469299,0.0178374635242948
"1984.5",0,0.0213367497274809,0.162047499767258,0.168420910532362,0.0889178624512186,0.0340808476817582,0.0227356223909638,0.0210925720410765,0.0208038659910128,0.0205146523061596,0.0199689697129845,0.0192261718947031,0.0174144303380884,0,0.00836992123560411,0.145376950162194,0.172457536789528,0.112675858584751,0.0417094492017313,0.023951354904869,0.0212633420348863,0.0208547622186929,0.0206083462204915,0.0201293197837285,0.0194219762039698,0.0175734365401665
"1984.75",0,0.0135223005452217,0.0395464519646709,0.0763664340676816,0.142996536968148,0.166049470733979,0.170141718137939,0.170882115838946,0.170961605251542,0.17068594663861,0.170096625331257,0.169332149211909,0.16756448573982,0,0.00615210353413578,0.0365834033159483,0.0608411432309255,0.129949886099481,0.163283960506954,0.169669901656129,0.170791691070012,0.170975680651987,0.170787678560399,0.170267099366256,0.169530020760764,0.16771589543109
"1985",0,0.00263359653108181,0.0201367208471906,0.0413711475556649,0.0574350985921327,0.0630375641550406,0.0646755242189435,0.0652374664069764,0.0652692581887112,0.0645324951839908,0.0622982054932848,0.0585749164807975,0.0479246424102217,0,0.000671172067379204,0.0147584676029045,0.0365403555462261,0.0543301319927751,0.0622786379526376,0.0643994451401493,0.0651590537769606,0.0653066769225334,0.0648332002626219,0.0630152681230288,0.0596080751007898,0.0488920513629007
"1985.25",0,0.0211059889112022,0.119641145834692,0.30786048063622,0.379961295084666,0.214363101504853,0.072513802935333,0.030968286399668,0.0227089667236745,0.0209314212348229,0.0200451863601351,0.0191221204536946,0.016880754225533,0,0.00770972144940013,0.0851854556984199,0.258306688199216,0.388721168370274,0.26508531752062,0.0959743708295768,0.0362233949778346,0.0237085645339651,0.0212084010057499,0.0202609620306014,0.0193613787146865,0.0170648453950943
"1985.5",0,0.010041564209417,0.0914583937885121,0.0935561214804318,0.0512075633696337,0.0224968724813347,0.0167390746245182,0.0159395507080736,0.0158042431462482,0.0156682092979578,0.0154106966055894,0.0150601925381229,0.0142054419548665,0,0.00324198054273551,0.0825275348331656,0.0958095937566303,0.0637860567488482,0.026440095177657,0.017343086958042,0.0160208200075352,0.0158280070262162,0.0157123886908202,0.0154863491013142,0.0151525469637032,0.0142804339019403
"1985.75",0,0.0135444636908855,0.0386130595119956,0.0728831711705618,0.134713247496149,0.155818448552305,0.159508319803345,0.160178888455927,0.16029045403433,0.160182067253031,0.159913389047169,0.15955846774865,0.158733693973459,0,0.00635616163343213,0.0357978149442076,0.0583876998110382,0.122671908638956,0.153308642498489,0.159085233607725,0.160094992147603,0.160286898894243,0.160225706354192,0.159991549575179,0.159650768247896,0.158804495160806
"1986",0,0.00352778066732449,0.0278785143198568,0.0544255821830969,0.070383098107638,0.0729345831893036,0.074220682984935,0.0749518864554097,0.0750345037484747,0.0742590795107857,0.0718757936870642,0.0679003071793386,0.0565259981396316,0,0.000845596932967405,0.020513402465592,0.0488833862587091,0.0678650187843395,0.0726765410609008,0.0739085383863801,0.0748426563505475,0.0750677359558868,0.0745787352651663,0.072641282916787,0.0690031041950976,0.0575594507047533
"1986.25",0,0.0226239473353668,0.109150558076958,0.22094703709207,0.233256548496915,0.122341476375277,0.0462441490558725,0.0251071824457649,0.0209575222145461,0.0199583107311088,0.0192285834057631,0.018334089089096,0.0160783742722154,0,0.0083358754260359,0.0822589798820756,0.195218909784521,0.247509227449259,0.151755700803122,0.0583912255331563,0.0277514617856704,0.0214650340279353,0.0201394967036085,0.0194248372036127,0.0185707293745831,0.0162642392424055
"1986.5",0,0.0126968780150662,0.0824422397973581,0.0919179085022623,0.0557905821605764,0.0252123714629618,0.0169323331056303,0.0154199490975289,0.0151510838560152,0.0150186206507763,0.014820491932988,0.0145582307781513,0.0139219769095376,0,0.0056494972961774,0.0730501456920116,0.0923618035512364,0.0674919655341494,0.0300399739400423,0.0179461964959016,0.0155904152310929,0.0151885696242167,0.0150552965601699,0.0148776711447978,0.0146271044063554,0.0139777555349935
"1986.75",0,0.00941350058112193,0.0254698008965666,0.0433992122141999,0.0727968750957505,0.0825330288710428,0.084259926523293,0.0845861859281669,0.0846324007543912,0.0845432502153431,0.0843425429317448,0.0840810396996498,0.0834745424057976,0,0.00483466048780481,0.0235222910394476,0.0361627664901868,0.0671939146633751,0.0813753982627472,0.0840582112879898,0.0845450455204394,0.0846344982870149,0.0845771376397798,0.0844009753456839,0.0841487937280958,0.0835265346630554
"1987",0,0.00370345863626985,0.0301293391725839,0.0567786992211695,0.066453378397989,0.0607980036678865,0.0599091286634875,0.0605684801063132,0.0609360486656186,0.060569666670295,0.058804506747661,0.0556540340093656,0.0464075463447929,0,0.000843246146879299,0.0221996562928213,0.0516770578603634,0.0662815755012534,0.0619587711547082,0.0598046712464119,0.0604179478057346,0.0608875046925463,0.0607712487291948,0.0593931186685949,0.0565375208217528,0.047252653827342
"1987.25",0,0.0184068578287731,0.100242496291902,0.257554668541086,0.31731716148262,0.179872358385878,0.0627795750555628,0.0289250797019677,0.0226062325370712,0.0215532978539567,0.0211085771882486,0.020518996461566,0.0188343152065195,0,0.00674204072121003,0.0716898400746931,0.216293278188235,0.32469435125157,0.221872336610519,0.0820822496062264,0.0331381103553671,0.0233113501929765,0.0216897320473434,0.0212268696928109,0.0206821994643614,0.0189754143090593
"1987.5",0,0.00942588319077556,0.0530185138064204,0.0618745971120192,0.0413751534021631,0.0217151596214199,0.0160347742904132,0.0151559104216881,0.0151955530048029,0.015311031946968,0.0153489368809835,0.0153113736478828,0.015114960317271,0,0.00457350007124989,0.0465572603732731,0.0614226661033927,0.048452851482486,0.0249623440345408,0.016720860944676,0.0152211120457314,0.0151655018246319,0.0152875886348187,0.0153477910106647,0.0153258460827014,0.0151351970488668
"1987.75",0,0.00712492786564577,0.0184778143237549,0.0484768685741638,0.107510089501745,0.128444221558338,0.132324750968609,0.133245556414212,0.133623607686204,0.133806189947094,0.133858058651395,0.133829047743138,0.133661438582832,0,0.00412856588468438,0.0164800447253825,0.0352966272918576,0.0957753045857856,0.125908854419703,0.131845972571719,0.133096725566848,0.133551875279085,0.133774717646449,0.133854717866963,0.133841167852324,0.133678909662993
"1988",0,0.00368937847181663,0.0302042309548553,0.0571930824329452,0.0672816348155987,0.0612935948935832,0.0599251632797325,0.0606309733266719,0.0612576413615849,0.0611785296050842,0.0597067693479928,0.0568521542409475,0.048232930255801,0,0.000834149786842629,0.0222326694437954,0.0519778941899086,0.0670504854375843,0.0626081536181344,0.0598880243993532,0.0604355243132863,0.0611385820953488,0.0613079743291116,0.0602210656520545,0.0576620703179476,0.0490258238674586
"1988.25",0,0.0142366175790101,0.0675016288504453,0.130566863935351,0.134447553766632,0.0722668644896262,0.0322343773100726,0.0220733741192666,0.0208656232233621,0.0211221037428171,0.0212615394930587,0.0210865774754745,0.0201321572889196,0,0.00526123077789043,0.0512986105804387,0.116544591835096,0.143293136288977,0.0882267257199182,0.0384570003922217,0.023208985191893,0.0209020593048447,0.0210454531937973,0.021257803753477,0.0211544444755244,0.0202160154071436
"1988.5",0,0.0115869847854754,0.0661701142827784,0.0754954188067408,0.0463323506657775,0.0205141906611253,0.013504430979636,0.0125801442630635,0.0127878410762239,0.013105540308322,0.0133630534452751,0.0135481776078985,0.0138075269707687,0,0.00555957980378518,0.0582564099247866,0.0755738453054574,0.0559791844812493,0.0246563109272052,0.0143177760650684,0.0126201398087147,0.0127107400082566,0.0130296717944342,0.0133058670991806,0.0135078334365552,0.0137901726560535
"1988.75",0,0.0132111279857014,0.0308187397109624,0.0556777267636461,0.0963174398615674,0.110043104449817,0.112923722439506,0.113898318577822,0.114468501680263,0.114866006820433,0.115145390943796,0.11533885142382,0.115611038415817,0,0.00840718347440183,0.0277363016562455,0.0456946474031248,0.0885721912520932,0.108341597664339,0.112513769062415,0.113712815844506,0.114345599075777,0.114779213594612,0.115084369673975,0.115296784514871,0.115592442943963
"1989",0,0.00325848532832737,0.0268197318786091,0.050394322716784,0.0578096568834223,0.0513569416222487,0.0502757499681973,0.0509503075142558,0.0514227414127522,0.0512356887313256,0.0497898275497129,0.0470972860908004,0.0390768949323719,0,0.000742350047440976,0.0196727121678724,0.0459417344661651,0.0581019880058539,0.0526191014207573,0.0501952303805436,0.0507839690216552,0.0513427560113846,0.0513816908113795,0.0502836695133167,0.0478571944692327,0.0398124034588586
"1989.25",0,0.0134592604033819,0.0632717685387943,0.124500643624124,0.128400529135533,0.0670463904512012,0.0269853881831687,0.0165336753962394,0.0150325171753302,0.0150696901518536,0.0150967531986653,0.0149024562981078,0.0140624380122275,0,0.00496702796933894,0.0480129935362368,0.110777574723453,0.137014479548894,0.0828937751983234,0.0332595826572602,0.0177468652569488,0.0151374837116024,0.0150382281772508,0.0151111583338908,0.0149684869950139,0.0141352247811399
"1989.5",0,0.0143751573480352,0.0587380041212057,0.0717876281842593,0.0443983202702045,0.0174465183443653,0.00934693578927778,0.0080134413301468,0.00803482473520398,0.00823914110931338,0.00842834393213857,0.00857697253405453,0.00880907172820157,0,0.00796452113691792,0.0506136445381491,0.0712182764684197,0.0539039773554814,0.0219781595843609,0.0103474659903028,0.00812285601376746,0.00799522725341306,0.00818689087552273,0.00838473493654658,0.00854351242708366,0.00879238769728851
"1989.75",0,0.0201514733029723,0.0456356973811516,0.0590670286648964,0.0659169851220008,0.0664504433966343,0.0669621978672008,0.0674309750272364,0.0677909195784985,0.0680641497409583,0.06826902689253,0.0684217795254238,0.0686555772892874,0,0.0130021229493264,0.0414835657111469,0.0553820685476279,0.0653549530035243,0.0663538497488221,0.0668292801383591,0.0673249461392486,0.0677100199608895,0.0680027981207803,0.0682233197253312,0.0683878051967526,0.0686392709120238
"1990",0,0.00608836327942007,0.0516734540399625,0.0936037062685317,0.0948865962869901,0.0665041284173678,0.0582741410716536,0.0577156514559034,0.0578521023764921,0.0573568022423695,0.0554001307519831,0.0519775678779013,0.0419992006962839,0,0.00128516531571905,0.0380816413502876,0.0865340661652785,0.0998900958130025,0.0719517977098601,0.0590263836546127,0.0577000611023703,0.0578394164850233,0.0575934947424992,0.0560452337229811,0.0529346070814804,0.0429109768956661
"1990.25",0,0.0170246901078411,0.076436717483169,0.127245512073423,0.111253903170972,0.0515703997263074,0.0225834683230557,0.0157463228856504,0.0147751321532731,0.0147151657647703,0.0145428279547967,0.0141441708464987,0.012901983946074,0,0.00629263058593572,0.059538278969209,0.118107441482765,0.124175142135421,0.0645483516279369,0.0268290930556916,0.0165234738121043,0.0148498430948199,0.014725381586735,0.0146092187681515,0.0142599521625161,0.0130066891639858
"1990.5",0,0.0241999076248868,0.0997477616741667,0.127133516613098,0.0812585166197369,0.0297034083892472,0.0119420785792824,0.00835182535629624,0.00786312743573031,0.00789383683824499,0.00799020173833302,0.00807785042111301,0.00822308761080484,0,0.0134289696044408,0.0852587849297722,0.124924507344127,0.0980132878352747,0.0389644469484684,0.0142936851894822,0.00874756338619326,0.00789814907536836,0.00787363425764624,0.00796593901154575,0.0080576148351105,0.00821242313426657
"1990.75",0,0.0245082931221838,0.055120946925524,0.0704560232976926,0.0766860522807877,0.0765403447729036,0.0768755664694353,0.0772199068092353,0.0774645329878573,0.0776418999952495,0.0777734047108461,0.0778718821664882,0.0780241995314018,0,0.0159140793719344,0.0500928105665483,0.0664266874706374,0.0764270401407847,0.0765338239722165,0.0767758076602747,0.077144192745674,0.0774108140408689,0.0776025841475359,0.077744358108834,0.0778500538516189,0.0780135689736938
"1991",0,0.00276535542371198,0.0218148390842828,0.0451937749687285,0.0602310151651417,0.0604632830624605,0.0587315473543929,0.0584998962173337,0.0586072242268068,0.0581442231611319,0.0562989178715246,0.0530578883346578,0.043591190520349,0,0.000677510117773019,0.0159523029207101,0.0398880257399608,0.0580259613072265,0.0610266182561102,0.0589872963013494,0.0584868815712763,0.0585974165410921,0.0583656780444596,0.0569082561834671,0.0539647645522772,0.0444556013877557
"1991.25",0,0.00878414543594353,0.0394932330241953,0.0703837827219909,0.0682799549830071,0.037386169904758,0.0200502558873624,0.0159755076001144,0.0156317022265918,0.0158056428601088,0.015795736021161,0.0155412666320406,0.0145810016837771,0,0.00326484815964887,0.0305195612710717,0.0641116761826628,0.0737105229340029,0.0447180690409916,0.0226501275533601,0.0164020123147209,0.0156132257142012,0.015768778702456,0.0158238524142332,0.0156223043282445,0.0146632877361355
"1991.5",0,0.011128581638968,0.043464380552696,0.048734439594997,0.0273818765853906,0.0118733818675967,0.00894353053906317,0.00875390083189672,0.00891763231000993,0.00909272705574736,0.0092359948853097,0.00934685385731124,0.00952138446780512,0,0.0062022729888011,0.037989789637302,0.0494174291912797,0.0340570320018036,0.0139923885828215,0.0092129702832951,0.00873722583623863,0.00887147250933954,0.00905157539925292,0.0092034320740854,0.00932189321374005,0.00950870042136641
"1991.75",0,0.00611900134857288,0.0147771358820306,0.0316713575893284,0.0626801813190364,0.0736347077489081,0.0760218238832503,0.0769265691306181,0.0775140052323361,0.0779552869626109,0.0782912392041755,0.0785460273338938,0.0789434714153326,0,0.00378399266245789,0.0132499123515314,0.0245004158086503,0.0566006593391928,0.072260388649528,0.0756687030863385,0.0767448980923974,0.0773836419028408,0.0778560805822404,0.0782159982604411,0.0784888009833225,0.0789148304154864
"1992",0,0.00226545554037636,0.0181392173676559,0.0356802974954447,0.0455898492367505,0.0455459806178061,0.0453257235017874,0.0456843885350469,0.0459462420830802,0.0457130360507261,0.0444718909537965,0.042225401222555,0.0356008126124176,0,0.000535067972452486,0.0133231377528618,0.0319938273836953,0.0442516082499338,0.0458019096344616,0.0452766846273251,0.0455921800850232,0.0459062121407129,0.04585015730452,0.0448890872581805,0.0428575706755115,0.0362071341690764
"1992.25",0,0.00549402226965754,0.0281337927925803,0.0566068504389595,0.0622821609569378,0.0371686425486542,0.0193092273144593,0.0145946790904231,0.0139422674224107,0.0139248740021674,0.0137820979938212,0.0134354390007036,0.0123487449791431,0,0.00204497613147331,0.021089557168284,0.0499115955126921,0.065020098716515,0.0440313474296186,0.0221403042017971,0.0151373316923061,0.0139853655482764,0.0139293410770884,0.0138391057618418,0.0135364021315867,0.0124403590818516
"1992.5",0,0.0176111476539195,0.067664788684503,0.0844524043885149,0.0530124854997107,0.0206281136376928,0.0104012796469708,0.00847463687028468,0.00826814030611829,0.00833397391016259,0.00842447402923917,0.00850123162879835,0.00862565983381178,0,0.00995841547912837,0.0579661531291202,0.0834716211946958,0.0641460523322919,0.0261882591928821,0.011711095759977,0.00867544836403222,0.00827309004353669,0.00831178017728347,0.00840269995021643,0.00848364266172628,0.00861657232103766
"1992.75",0,0.00612229857901103,0.0152361193319059,0.0348737073477804,0.0721652585736216,0.085481930924211,0.0883652614279993,0.0894427468873435,0.0901403714128505,0.0906638348708352,0.0910626489614871,0.0913645063594803,0.0918368236250168,0,0.00365836688931364,0.0136823420017007,0.0263922630280897,0.0647993103474161,0.083811931295887,0.0879414905349704,0.0892267074872182,0.0899850618516937,0.0905459904705918,0.0909729219529288,0.091297063815568,0.0918028462393038
"1993",0,0.000173751590731809,0.00225606153824172,0.0289649742991637,0.0495458550155617,0.0606813654117659,0.0633390302185165,0.0639186945116042,0.0642638670678849,0.0645391371414414,0.0647557214639961,0.0649225452626775,0.065182508814383,0,3.13686984193934e-05,0.00126881695473899,0.0195651698937807,0.0456433927882978,0.0589242720643522,0.0630417011880325,0.0638135225595885,0.0641854993019769,0.0644758806219582,0.0647064972868375,0.06488503292343,0.0651635899922905
"1993.25",0,0.00484612149731611,0.0222678223488536,0.0423365259307057,0.0414418119637967,0.0278063632819589,0.0211721744677925,0.0200018962883829,0.0202578159866856,0.0206965383071394,0.0210820151797634,0.0213860753784225,0.0218675264097637,0,0.00177858451825446,0.0170703735187819,0.0384451953060049,0.044111704407699,0.0308405489785375,0.0220939970983676,0.0200641712769233,0.0201565536539856,0.0205887010993558,0.0209932666582478,0.0213172715073997,0.0218308740808137
"1993.5",0,0.0117512889443156,0.0509240375511343,0.0561062977116904,0.0313501876515652,0.0136492958489617,0.0103033823765185,0.0100483653625938,0.0101915408536643,0.0103537307960871,0.0104872350801302,0.0105906701332026,0.0107535073272908,0,0.00631931484815397,0.0447784683687048,0.0570102167403771,0.0390133878181045,0.0160603841644087,0.0106164136979098,0.0100402845476612,0.010149515682053,0.0103154135021828,0.0104568724411314,0.0105673255120621,0.0107417732043414
"1993.75",0,0.00350083870542027,0.0122316778123332,0.0300515399318813,0.066864004703754,0.0801662609617464,0.0829109688148397,0.0838634913177968,0.0844593757733815,0.0849038429882248,0.0852406136068283,0.0854957236531838,0.0858943495519171,0,0.000940179696514589,0.0115180606191856,0.0219643719430785,0.059487112348088,0.0785208099865865,0.0825219381617169,0.0836761350804051,0.084327833148375,0.0848037721560111,0.0851650285432547,0.0854387791999711,0.0858653071287414
"1994",0,0.000295523379256509,0.00334607927708624,0.0304879390927908,0.0475960944908902,0.0540583544347711,0.0555986640383708,0.0560192500298047,0.0563033286514998,0.0565329781669676,0.0567142789521611,0.0568538819311626,0.0570715126869229,0,5.3262492007018e-05,0.00208146453235125,0.0211725800305408,0.0450844534198043,0.0530680537375047,0.0554119685668192,0.055935565259262,0.0562380010357579,0.056480223577774,0.0566730720085075,0.0568223454975595,0.0570559280935255
"1994.25",0,0.00124055092055663,0.0111004175528911,0.0358728643860707,0.0480240499216559,0.0339103631941131,0.0196723507925733,0.0155352450110768,0.0148656210661362,0.0148679115852538,0.0149655288597196,0.015058806931759,0.0152149472688375,0,0.000436990997310536,0.00726317104619462,0.0292840522635194,0.0476671250960969,0.0387823065908705,0.0220552599676668,0.0160355130164807,0.0149224275864725,0.0148498901537039,0.0149401514697964,0.0150370961552878,0.0152029540890391
"1994.5",0,0.037537846358653,0.155083007023961,0.168677732402728,0.0813300810454371,0.0213036782401814,0.00993509551382529,0.00868191939814653,0.00874226185564401,0.00893083513686586,0.0090983111486623,0.00923012679112665,0.00943880390873375,0,0.0205254615458185,0.136137621907844,0.173001701608454,0.107710006774138,0.0294024343792755,0.0110543620814622,0.00876287267043499,0.00870140451867548,0.00888396962390133,0.00905980899475022,0.00920034440963151,0.00942370787306525
"1994.75",0,0.0106632216983231,0.031869701367978,0.0420303356681912,0.0540625119900963,0.0576935400713313,0.0590766005309855,0.0601238341411787,0.0609871956913394,0.0616770359054706,0.0622115101861375,0.0626190656334702,0.0632574951609942,0,0.00422368170201341,0.0303605426655349,0.0383495990195683,0.0520084944881952,0.057179184765728,0.0587794518589722,0.0598798985631151,0.0607879487666619,0.0615200852630158,0.0620908486983642,0.0625271534659644,0.0632113966057261
"1995",0,0.000475161558367768,0.00533304210051434,0.0327668676645047,0.0497993885544747,0.0542141593398609,0.0538007840813957,0.0538414059755579,0.0542370879482721,0.0546295061705001,0.0549502038595682,0.0551991002460695,0.0555889012639663,0,8.46296384412743e-05,0.00348576316684582,0.0237032936159561,0.0473849879353039,0.0538948338820245,0.053922344993681,0.0537722566768539,0.0541322984624781,0.0545376087887428,0.0548771441430949,0.0551429098229901,0.0555607024168938
"1995.25",0,0.00438852794202646,0.0206056741430324,0.0406580578871847,0.0399212384012988,0.0257902393793002,0.0185074395633011,0.0172795286144256,0.0175794858199686,0.0180561456028921,0.0184697928608385,0.0187949273090221,0.0193092171298035,0,0.00159914689345216,0.0156415250421612,0.0367426515007389,0.0425086980859802,0.0290689971718147,0.0195121676754479,0.0173358194058741,0.0174670810469259,0.0179398790958477,0.018374844315925,0.0187215224761777,0.019270019122512
"1995.5",0,0.0342522861377056,0.153851262218891,0.169065922593349,0.0864457761840763,0.0258818515509085,0.0130209607684387,0.0115128964374318,0.0116233945315561,0.0118909060037935,0.0121256111177545,0.0123096814063123,0.0126007436885073,0,0.0181942812688637,0.135089646737032,0.17250675191753,0.111837946238889,0.0345231169205753,0.0143533131674464,0.0116058255553114,0.0115635146036622,0.0118250017748989,0.0120717292312006,0.0122680944415531,0.0125797107879011
"1995.75",0,0.00835864643535641,0.0227542127678062,0.0382234131394081,0.0553138074680595,0.0570934869280239,0.0570364456109516,0.0577039052071296,0.0584211556594314,0.0590167031897155,0.0594804833400666,0.059834827271038,0.0603897509628615,0,0.00487772977329541,0.0200727799796923,0.0329787570102516,0.0527562601629301,0.0572099516318676,0.0569467314092943,0.0575171648193431,0.0582513501000479,0.0588806667229964,0.0593758784732203,0.0597550855875051,0.0603498029827422
"1996",0,0.000340654837782683,0.00496174122834919,0.0366755698692281,0.0573315762248162,0.0627008459170105,0.061416061859178,0.061195691699742,0.061665437019408,0.0621765020862089,0.0626005919342675,0.0629308823913622,0.0634491354858837,0,5.98583829697249e-05,0.00294813384956922,0.0260396309482521,0.0542752053617716,0.0624573532264242,0.0617215306191272,0.0611397757008557,0.061532724331423,0.0620553303630507,0.0625034934419556,0.0628564170204964,0.0634116611899203
"1996.25",0,0.00462559378624588,0.0279041616622846,0.0781993510060113,0.0982060489337019,0.0641759736424766,0.0342348236661711,0.0264750052590173,0.0258994563115191,0.0265713023725639,0.0272984874920063,0.0278954221405977,0.0288532782667046,0,0.00166064204814737,0.0194267570944867,0.0653478780792072,0.0991655714651899,0.0749693869787368,0.0390605692364944,0.0272930192712269,0.0258268975381364,0.0263810575233277,0.0271269879791977,0.0277595507077854,0.0287800599616284
"1996.5",0,0.0186602362522265,0.14088097496498,0.164986684592758,0.103303905989143,0.0404367705147406,0.0197635330757794,0.0159257226919319,0.0156009220625861,0.0158124191705832,0.0160567685838171,0.0162588892485476,0.0165844791713745,0,0.00751104026453961,0.123835708045364,0.163928569602881,0.12450042669798,0.0515031567294039,0.0224202096469298,0.0163094715856088,0.015588701250522,0.0157496395497231,0.0159988282947724,0.0162128822854268,0.0165607127835873
"1996.75",0,0.00764871312370282,0.0300038299403328,0.0496765927997432,0.0703708695617782,0.0704311290389699,0.0690254773528658,0.0692151458973915,0.0696646813163479,0.0700604291458915,0.070370726757517,0.0706075135586367,0.070978277805705,0,0.00212911454808509,0.0270365137517676,0.0431729468971461,0.0674896215864426,0.0711064553359433,0.0691487015321831,0.0691154755421494,0.0695537463882775,0.0699694791822864,0.0703007316148829,0.0705544605148597,0.0709514125612692
"1997",0,0.000712743220382129,0.00873378530324934,0.0504416880113654,0.0779353141386731,0.0837771062305013,0.0806700685410012,0.0803476406140242,0.081361536680323,0.0824356220422178,0.0833250209359828,0.0840177489450709,0.0851060917911386,0,0.000125629597854291,0.00560051809372295,0.0368066881936758,0.0737977813943546,0.0839468051991062,0.0812707483653752,0.0802097935766546,0.0810807047385503,0.0821817866971876,0.083121873724063,0.0838615702867067,0.0850270655712726
"1997.25",0,0.00674958917429806,0.0419484542703895,0.111049877367705,0.13734583592866,0.0899550850645097,0.0492448755695616,0.0388275133603886,0.0382156268407466,0.0392901021795201,0.0404113371761761,0.0413260423394299,0.0427920309830603,0,0.0024272167494525,0.0294899227778932,0.0935046568614652,0.13910428420499,0.10473932031675,0.0557836465922399,0.03990053777228,0.0380738029798532,0.0389937565266065,0.0401478823955811,0.0411180013232465,0.0426801690649626
"1997.5",0,0.0355593882584667,0.192054043478381,0.208136743795591,0.108576754445267,0.037087907616891,0.0221216874138963,0.0204294091639439,0.02064782442407,0.0210453569594346,0.0213891214521823,0.0216583909073768,0.0220838640860295,0,0.0174484856385559,0.169806102624838,0.212459369722286,0.138882546415189,0.0472024951782645,0.023663187969341,0.0205179967753448,0.0205551711531109,0.0209483899296112,0.0213104020067425,0.021597621122924,0.022053075145987
"1997.75",0,0.0186098871684973,0.0562871389703922,0.0849184842482367,0.100499193460292,0.0924174200405921,0.0880854291609639,0.08749719524328,0.0875737653650581,0.0877005780884281,0.0878053230571551,0.0878850647604065,0.0880087808392437,0,0.00981321769231816,0.0494295885302002,0.0772753782973504,0.0998950579328231,0.0946246187080895,0.0886062400767071,0.0875270011373385,0.087542591319045,0.0876705222052604,0.0877817040147222,0.0878674145613077,0.0880000616039679
"1998",0,0.000650489059628824,0.00973006423285326,0.0669690791930944,0.106314303678999,0.109862608361349,0.0984720421528498,0.0946141914017687,0.0942491873179594,0.0944651435343301,0.0947102036059665,0.0949103084291663,0.0952274147154511,0,0.000111080473076918,0.00584563012055567,0.0479832329198087,0.100543756852532,0.111940034465447,0.10072742992606,0.0950341911105521,0.0942381396034951,0.0944015010629502,0.0946523562528123,0.0948646733258141,0.095204781320395
"1998.25",0,0.003005636008679,0.0314422963902058,0.0943056021589543,0.120079638635938,0.0827579661421182,0.0481143734190504,0.0386079210590059,0.0374448976506127,0.0378136543614045,0.038333092607069,0.038776087585286,0.0394948476241895,0,0.00103645882081098,0.0207069342612616,0.0780776377698849,0.120491326209852,0.0949700527848597,0.0537963126376238,0.0396893652543064,0.0374772213726435,0.037687419232988,0.0382076941124464,0.0386746244340365,0.0394399247353181
"1998.5",0,0.0413242469079604,0.21540434693123,0.234504694447613,0.12016922842452,0.0408885183411104,0.0255855687836612,0.0243376174308463,0.0249498697702029,0.0256647741343932,0.0262567653110205,0.0267162568274816,0.0274404989111979,0,0.0206460548566319,0.189995209737518,0.239743215396395,0.154635183722956,0.0517603351890296,0.0270449161203225,0.0243158688955431,0.0247660560859322,0.0254952760904098,0.0261218462255729,0.0266127839867827,0.027388084520824
"1998.75",0,0.0119754894379577,0.0420051295779062,0.0624483370871353,0.0878824733200816,0.0960135737453787,0.0978653918452894,0.0987026418775636,0.0992846011123114,0.0997272461092544,0.100064039465445,0.100319197865342,0.100717840794379,0,0.00381270264646401,0.038709445974903,0.055589515907296,0.0831775295713213,0.0950119239172369,0.0975664962053761,0.0985267457517269,0.0991544463303205,0.0996269089082601,0.0999882551460394,0.100261656505443,0.100688982265769
"1999",0,0.000393284925176922,0.00548159192202037,0.0489578896988899,0.0763433936797421,0.0828895562715561,0.0814480817430537,0.0812532782768672,0.0819182280776919,0.0826356619822912,0.0832327990249465,0.083698878520394,0.084430392017523,0,6.95225490592883e-05,0.00322093116013921,0.0341437719740573,0.0725857607945611,0.0825660497109962,0.0817974515298572,0.0811653464208256,0.0817325292107416,0.0824656516627082,0.083096462123505,0.0835937884508602,0.0843772490534768
"1999.25",0,0.0206992815461249,0.110998537837033,0.251614306208773,0.277960873171883,0.157102416077829,0.0688358175343358,0.0448012336819579,0.0410322982522467,0.0411015295936198,0.0417018080371741,0.0422682324281651,0.0432118632125257,0,0.00753019332855622,0.0813707017853048,0.218155147961576,0.29092222140751,0.190547044003699,0.0829775399800917,0.0476634828692412,0.0413401600102905,0.0409860148198019,0.0415474082521632,0.042136054517276,0.0431393360254564
"1999.5",0,0.0763610378971924,0.336755617472002,0.374665085131226,0.196048736465301,0.0687358735437079,0.0434963602696767,0.0409810717598504,0.0415162700635726,0.0422894639510625,0.0429418047577071,0.0434501463664147,0.0442517276096395,0,0.0409043004626337,0.294834187012175,0.381778591410429,0.250718605805435,0.0863692117378282,0.0459852846896225,0.0410671440296853,0.0413271701331567,0.0421027705369305,0.042792744690191,0.0433354379252311,0.0441936482969853
"1999.75",0,0.0484948560196237,0.146544677963973,0.211313932636603,0.211816113582354,0.169659092949754,0.153710147892838,0.152173816184168,0.153082132323256,0.15409907178742,0.154925885392797,0.155563177094561,0.156563142122611,0,0.0270526498560794,0.126503059819422,0.198427074816517,0.219452536158779,0.178544341750287,0.155489568052604,0.152122108867411,0.152815845177429,0.153860512158356,0.154738640176012,0.155419830313683,0.156490816761063
"2000",0,0.000643227751025736,0.0145491755026682,0.100666117587759,0.168205568355716,0.173109171441168,0.145122809656549,0.135744376304484,0.134557999170449,0.13470876518075,0.134979055615896,0.135207732141382,0.135572836232329,0,9.81112115715063e-05,0.00811942138446388,0.0723947453458385,0.156744194803677,0.178552975575648,0.150584398844283,0.136799370543477,0.134620917804433,0.134645205224479,0.134913982882454,0.135155772624284,0.135546325983596
"2000.25",0,0.0119454230140361,0.0612047539931544,0.123350508817332,0.130066561595647,0.0938284206416622,0.0723748273811681,0.0679765448247576,0.0683080707981779,0.0693158099492596,0.07023380815685,0.070963107522041,0.0721202111567915,0,0.00435256067011672,0.0459898260984236,0.110408467344764,0.13525011710512,0.102871955515795,0.075517487531954,0.0683175452390853,0.0680964786627837,0.0690617953564711,0.0700214286261644,0.0707979584653219,0.0720319562606968
"2000.5",0,0.0569935528923988,0.296352837504151,0.319745057980783,0.165134975557225,0.0595098336248398,0.0395107025018406,0.0374714834203113,0.0377647792978857,0.0382563330902933,0.0386772515475794,0.0390059906332229,0.0395250681837377,0,0.028464070502178,0.262029962885788,0.327124565406764,0.211619343252489,0.0737817118133144,0.0414575571984817,0.0375667809834982,0.0376479631661168,0.0381371529401028,0.0385809533309983,0.0389319622562867,0.0394874721588977
"2000.75",0,0.0160637050160352,0.0574317718590726,0.0942364115965939,0.125441197607223,0.123472959994366,0.120910514048794,0.121493321175377,0.122546148214593,0.123463072066254,0.124183260752338,0.124733302917175,0.125595184223818,0,0.00667732264158115,0.0501345660891508,0.0834151644526514,0.121562549272506,0.124872434569708,0.121090284447487,0.121249762861215,0.122288489351254,0.123252798377771,0.124020583376899,0.124609617974801,0.125533105036174
"2001",0,0.000142815629066842,0.00384539730488841,0.0586932800510164,0.112843661153844,0.147231316591407,0.15314567884114,0.155304318095787,0.156651496832457,0.157234156381815,0.157460783502484,0.157552142072663,0.157615785427615,0,2.24325202790136e-05,0.00178156942698996,0.0392067388346012,0.100340483563507,0.142445590071793,0.152478060591517,0.154818904465567,0.156403798314171,0.157135127132809,0.157421807630505,0.157535949968757,0.157613665641699
"2001.25",0,0.0104337447551529,0.0522806114694756,0.107433340702846,0.123518201242869,0.10194105831261,0.0905710498307839,0.091598832944774,0.0936231083554782,0.0946222846711067,0.0950369517823909,0.0952128385326295,0.0953473710776899,0,0.00381492689292483,0.0393610240955164,0.0953392100802802,0.124823432453215,0.10776073626858,0.0916117128072751,0.0910115473780629,0.0932190741430226,0.0944466059019058,0.0949648116271169,0.0951810832334627,0.0953391943916776
"2001.5",0,0.0466787888042172,0.219459982565362,0.244858748585187,0.137078516587646,0.0565166796446352,0.0409331083128227,0.0402796410578355,0.0408404095228084,0.0411430939904626,0.0412717149787506,0.041327374629554,0.0413718857326602,0,0.0243903055673783,0.192576841173271,0.248261457194081,0.170719073473827,0.0679002659771175,0.0422502826665636,0.0401632775547024,0.0407208841000977,0.041089269523998,0.0412490256720869,0.0413173721278715,0.0413700645418173
"2001.75",0,0.0104390425676913,0.0441481893186823,0.094836719458293,0.153530033245475,0.154737295251787,0.150914778678029,0.150848871174255,0.151147911850747,0.151301990143454,0.15136852133187,0.151397568649024,0.151422494037868,0,0.00399790469117207,0.0368078156585742,0.0775926745633317,0.14499546729646,0.156483158237498,0.151301352803346,0.150772711884861,0.151086189255105,0.151274478179815,0.151356293371543,0.151392425152415,0.151421222155956
"2002",0,0.000273736141447228,0.00817750955855789,0.0751703054480857,0.136829233638416,0.15915782419046,0.148144606195038,0.144065482078161,0.143793790352722,0.143919178926893,0.143997108634592,0.144032521028493,0.144057588795352,0,3.84165832506769e-05,0.00421060891277393,0.0523576442865511,0.124010582909074,0.159129438185981,0.150642835794371,0.144459915463084,0.143776734469436,0.143890465621448,0.143982797022491,0.144025921575535,0.144057078218202
"2002.25",0,0.0113708811935589,0.0573876461018702,0.122330858532343,0.135894040966966,0.0925588113341275,0.0647736078787026,0.0599215941617479,0.0602486304096817,0.0607428816480946,0.0609902967284133,0.0611026183072725,0.0611923778591647,0,0.00415227839135652,0.0428386295014446,0.107580968385238,0.140441815060916,0.104203576550004,0.0686889534193471,0.0602094604813931,0.0600953354036907,0.0606454841801605,0.0609452716013698,0.0610820121457123,0.0611866572666203
"2002.5",0,0.0672313513510921,0.265740109821848,0.293644877793179,0.143918880463728,0.0387555052675136,0.0186909790143376,0.0166400592473216,0.0166329743734971,0.0167191462371231,0.0167642608677281,0.0167851308197312,0.0168023018513937,0,0.0373355166548384,0.232238362764344,0.300409413830199,0.189534266804221,0.0531113407192251,0.0206149422000172,0.0167680493423604,0.0166091893853022,0.0167016556599342,0.0167559907245574,0.0167813171533063,0.0168016341881567
"2002.75",0,0.0134603111782553,0.0452490864780161,0.0652839734874631,0.0817510613076066,0.0801048029900721,0.0788014007650188,0.0789829977764544,0.0791859760510184,0.0792789103139444,0.0793177269952911,0.0793346250317556,0.0793485754746439,0,0.00498851271479907,0.0415890114112369,0.0590914517534103,0.0799228037842388,0.0809035112847382,0.0788798269059357,0.0789154259954705,0.0791478118466205,0.0792626916030974,0.0793107190988984,0.0793311085321712,0.0793479574291844
"2003",0,0.000422448871473232,0.00491709588316601,0.0463610902549677,0.0928318808352348,0.124778095270985,0.128413725267833,0.128288097737992,0.128885505737915,0.129234969831789,0.129380304322671,0.12943943332941,0.129480745415118,0,7.60344619268362e-05,0.00302318183433873,0.0314908090440669,0.0816479232632863,0.120091343970064,0.128559935960764,0.128181038301934,0.128750066245385,0.129173301325917,0.129355548522614,0.129429001451575,0.129479668197724
"2003.25",0,0.00743868579944998,0.0383343503891502,0.0772578640298734,0.0765269958772523,0.0542899382091825,0.0478113638820092,0.0504571103500537,0.0527879436562753,0.0538364146024664,0.0542590391767861,0.0544356343962011,0.0545697820326836,0,0.00271795518314083,0.0287987449914052,0.0694932280206526,0.0810874530316831,0.0588893225970699,0.0479554003867673,0.0496664346401022,0.0523493426323653,0.0536557756643242,0.0541860255859059,0.0544039985831071,0.0545613477633278
"2003.5",0,0.0414028998638114,0.233229565291699,0.246403611208186,0.121042237189561,0.0369354438412293,0.0210289937391077,0.0191463645579319,0.0189892764183981,0.0189958110212335,0.0190073826124941,0.0190138234648198,0.0190195325361549,0,0.0198394934279809,0.207232524928329,0.253233639978273,0.158290839228179,0.0482585732051696,0.0226035573133557,0.0193061578293444,0.018997288332683,0.0189924358123699,0.0190050246173459,0.0190125747645418,0.0190193126984857
"2003.75",0,0.0481892894056265,0.119680506246906,0.153231188806499,0.139910019943106,0.11648325709407,0.105358222053096,0.103403885380665,0.10322074016782,0.103220756072797,0.103229404286096,0.103234325696089,0.10323874741011,0,0.0294228382399777,0.107280485778924,0.148114637374961,0.14576705029559,0.121718868807339,0.106817064303739,0.103581736655895,0.103231276937386,0.103218866960069,0.10322764272867,0.103233347747585,0.103238701668015
"2004",0,0.000132556857764311,0.0034016052362291,0.0520561336711944,0.0967212496980332,0.10822248056679,0.0961878046956017,0.0907012903007162,0.0900440936365165,0.0901035670086337,0.0901704814131511,0.0902048166478984,0.0902308308548028,0,2.35097670058122e-05,0.00150153969569563,0.0344761492047802,0.0887316511204115,0.108913000786877,0.0991098546682904,0.0913287229832205,0.0900724970712348,0.0900818912942258,0.0901573597628095,0.0901981699004042,0.0902298560424045
"2004.25",0,0.0283750168466145,0.145298879958126,0.301347018984197,0.314264222526541,0.165657245463852,0.0656770226197723,0.0383904987664921,0.0332673817692966,0.0323692334664144,0.0322018751048882,0.0321679281464009,0.032158942169799,0,0.0103469205791162,0.108478516933152,0.265852821030611,0.334302162988449,0.204634648626541,0.0815290948635514,0.0417566764424634,0.033859324015076,0.0324750405647367,0.0322224171946207,0.0321722075876248,0.0321591173754671
"2004.5",0,0.0137114914839614,0.180933769027674,0.195897705174057,0.111741351618839,0.0447144968230948,0.0281898107087488,0.0264572030077439,0.0266931289155304,0.0269086972406995,0.0270117633953294,0.0270586571727747,0.0270969594318229,0,0.00204442198981528,0.16205107166664,0.198158879633002,0.137922117725714,0.0551136340710512,0.0299342493474582,0.0265122621285917,0.0266195593730743,0.0268675616955452,0.0269930664329976,0.0270500568896371,0.0270954034943473
"2004.75",0,0.00970647962059553,0.0399260739954148,0.0738978515894368,0.112527579384784,0.117445643636436,0.114470876059491,0.114289800008907,0.114514405173474,0.114634245062168,0.114684970065485,0.114707718784747,0.114725680677894,0,0.00251185841418493,0.035157370330514,0.0629544161436843,0.105771676216043,0.118267012109889,0.114853710518749,0.114240783498122,0.114466834078646,0.114612958922052,0.114676034340511,0.114703633170763,0.114724828605814
"2005",0,0.000346579893025145,0.00434261879144804,0.0503340549834142,0.0874925934591033,0.104931179087773,0.104770605445212,0.103627406566179,0.104004234924062,0.104585552155537,0.105080222174813,0.105466349639869,0.106071122923023,0,6.26103600076104e-05,0.00251804924452779,0.0340320537462939,0.0806659545223406,0.102669637671073,0.105377296028846,0.103691509295352,0.103864597632385,0.104445449871914,0.104967129205713,0.105379405066888,0.106027129754476
"2005.25",0,0.00587019571297392,0.034264218394683,0.0897016675355986,0.101378057765368,0.0762687934458463,0.0581348489636443,0.0537726953509652,0.05366774856327,0.0542673131602706,0.0548592275438775,0.0553370394210365,0.0560995354361445,0,0.00213520490151126,0.0243871347283147,0.077161622603028,0.103695256798332,0.0832646131252009,0.0609626017472306,0.0541950718515899,0.0535684082619351,0.0541081585288285,0.0547210054321179,0.0552287458674665,0.0560413834173506
"2005.5",0,0.0343382596099146,0.203661431866505,0.227019740421041,0.125750394081148,0.0485348362339991,0.0301588088318018,0.027237889237814,0.0269161858728266,0.0269709374083655,0.0270636621812874,0.0271437751075583,0.0272742639170226,0,0.0161305625307973,0.17954521723434,0.230009670477684,0.157220105444859,0.0599982002928587,0.0322694939286085,0.0275316424136784,0.0269318499158063,0.0269492641789945,0.0270410539243438,0.0271254442405298,0.0272648155399792
"2005.75",0,0.00907163853257307,0.0368700665417969,0.072369825671043,0.11236968364433,0.116772317719427,0.112589552371914,0.111847052425141,0.111958707357452,0.112126746952871,0.112261969168449,0.112364477717238,0.112524624002676,0,0.00288798537514159,0.0316700410492342,0.0610692201250373,0.105383351843981,0.117894125648117,0.113222975943782,0.111881566195342,0.111916769091959,0.112087556056077,0.112231757358084,0.112341269926431,0.11251260712583
"2006",0,8.94287432125898e-05,0.00576742541186162,0.0582217940140906,0.0980386365777998,0.114864912750998,0.113411084610362,0.111568072541061,0.111752595368581,0.112240535306126,0.112667143994126,0.113001608207915,0.113524673338692,0,1.62553807662694e-05,0.00246589266453913,0.0398987542030863,0.0912421009775403,0.112798411064602,0.114339538363593,0.111731264930806,0.11164470110389,0.112120476184281,0.112569351464056,0.112925850248177,0.113486652506099
"2006.25",0,0.00713905787607796,0.0427029917334907,0.138601805012505,0.179421857852451,0.133832062996336,0.0877243228345189,0.0743719568579658,0.0723476636857809,0.0724527113599347,0.0728350863208018,0.0731845581845268,0.0737639287818945,0,0.00258897398420703,0.0289689580251534,0.11422952237486,0.178657252379628,0.149421384455482,0.0954857236897587,0.0759567944055912,0.0724992920918331,0.0723737792242558,0.0727382707554624,0.073104080181466,0.0737197077239548
"2006.5",0,0.0140100742279641,0.124019367161882,0.13272374484295,0.071338714895031,0.0303224142044868,0.0223736251795248,0.0215977530533044,0.0217991431026441,0.0220767216156767,0.0223110816674882,0.0224938314414241,0.0227820767617046,0,0.00475321991543273,0.110613329127647,0.135645970921036,0.0894587328142397,0.0359091764402546,0.023155757132877,0.0216188443546732,0.0217306400500319,0.0220101176079667,0.0222574944396023,0.0224526014201945,0.0227611955927078
"2006.75",0,0.00883574394552115,0.0340181650707671,0.0695123069964105,0.11467789582872,0.123334796663099,0.12113746192686,0.12071190102215,0.120793476963564,0.120897444583875,0.120976363082261,0.121035529033536,0.121125576348005,0,0.00328759310349735,0.029081504679464,0.0575779319875967,0.106436292305917,0.123528007445531,0.121511087151255,0.120727242627705,0.120765882442762,0.120873293815698,0.120959048137799,0.121022443893706,0.121119181654736
"2007",0,6.67241333431286e-05,0.00197060198894035,0.0487238469951273,0.0902030310253501,0.111335767447257,0.110257377092006,0.108184089059594,0.108297554312172,0.108758495637398,0.109168481096266,0.109490204457998,0.109994648231508,0,1.21763501466772e-05,0.000697430263425389,0.0316579336906477,0.0821153686028179,0.108637931954099,0.111248081016083,0.108385355565151,0.10819988938041,0.108643908520425,0.109073976598756,0.109417660625426,0.109958303812517
"2007.25",0,0.0236081499140246,0.124093430850594,0.305328789727351,0.355529032502217,0.208200313259694,0.0906231776516062,0.0569176914179413,0.0505385855525964,0.0495306678228913,0.0494611202498123,0.0495440598797402,0.0497473593658806,0,0.00859483056208056,0.0899399681318423,0.260495519725344,0.367310555993128,0.251181364860061,0.109870795094148,0.0611209945096057,0.0512623549605677,0.0496295556971548,0.0494524456592788,0.0495201494057198,0.0497308124660878
"2007.5",0,0.0115007396002978,0.137980848085477,0.150037559163118,0.0872097992864539,0.0360386695519176,0.0219639691250183,0.0194533275478195,0.0191491430273491,0.0191895713801534,0.0192684977001162,0.0193379394628986,0.0194516222803565,0,0.00232100250830656,0.123448993739836,0.151550783668032,0.106895768507975,0.044170755504095,0.0236926880164749,0.0197175226874224,0.0191665806228669,0.019171575810326,0.0192490717560404,0.0193219599275275,0.019443248252059
"2007.75",0,0.00382576273598041,0.0173731449648563,0.0469919051227303,0.0958133247571367,0.110252035110757,0.111483477389426,0.112188777437776,0.11285046782749,0.11337886568662,0.113784815217829,0.114092230798385,0.114573596075893,0,0.00101051935224408,0.0145169724027255,0.0355919869973721,0.0862890284228438,0.109038806679255,0.111319167946396,0.112008075741775,0.112696895501465,0.113259266390416,0.113693509081178,0.114023521834722,0.114538600801137
"2008",0,0.000226805457759975,0.0031891387014818,0.0457415347930006,0.0826737354852734,0.100841112273676,0.099886936610045,0.098526199056984,0.0992502257701988,0.10022237990417,0.101042664622981,0.10168290577432,0.102688453003661,0,4.12107664117518e-05,0.00170558601197061,0.0304219708189815,0.0756054739241666,0.0985378207106765,0.100713972971936,0.0985578311822433,0.099009934504857,0.0999890776591538,0.100854709768312,0.101538174315288,0.102615246665892
"2008.25",0,0.024046396072533,0.103632366638938,0.165687700312896,0.129769522023832,0.0668140595901367,0.0473659693441063,0.0442277941118047,0.0442587837507281,0.0446895732730226,0.0450898758441421,0.0454082649245597,0.0459134904145135,0,0.00884523391612582,0.081610038370764,0.157045412446029,0.148478306899955,0.0777565669818754,0.0497518322395788,0.0444811380302393,0.0441753290792619,0.0445794293592211,0.0449973813059777,0.0453362471392935,0.0458747888480818
"2008.5",0,0.0169414181923762,0.161752815694555,0.168566418452717,0.089502830482454,0.0344231483766084,0.0225722702543824,0.0209701011540198,0.020937290993381,0.0210963158754011,0.0212496979810789,0.021372504852173,0.0215676245659443,0,0.00516098674114989,0.145311304652078,0.172521786900646,0.113055074533419,0.0422373365084456,0.0238509177731649,0.0211018601445619,0.0209098199042997,0.0210546702986762,0.0212141040673798,0.0213445968497587,0.0215534876737909
"2008.75",0,0.00534705767072675,0.020865443351277,0.0355806817511962,0.054211620678349,0.059150431669391,0.0594882630139654,0.0597952718277212,0.0601023008248841,0.0603485895998177,0.060537747579119,0.0606812926997922,0.0609052360029145,0,0.00149044534938244,0.0186536238858956,0.0306909360691794,0.0507461510429782,0.0587861183280665,0.0594313846731066,0.0597131160542516,0.0600306929462339,0.0602926968343733,0.0604949723852122,0.0606490474779514,0.0608889804111375
"2009",0,0.000269279755637253,0.00321379172860607,0.033035769388289,0.0601732148002834,0.0746948899437159,0.0745888737993781,0.0736265725105906,0.0739499664421431,0.0744426988852452,0.0748612828999634,0.0751879492516924,0.0756997942785303,0,4.86681515528029e-05,0.00193230132166302,0.0224265371658706,0.0546472490871003,0.0727814145172871,0.0750989141504192,0.0736794792724653,0.0738309793973381,0.0743239719204902,0.07476591850329,0.0751142386290034,0.0756625169864899
"2009.25",0,0.0257563143677545,0.132906211572498,0.305561516033831,0.340938007367485,0.188037852449232,0.0738832369206223,0.0416274887250306,0.0354952040251614,0.0344991714240283,0.0344081039489326,0.0344691908541685,0.0346354136063719,0,0.00938499358068618,0.0975768480306535,0.263966677728169,0.356569932735601,0.230817091836029,0.0923605385188393,0.0456511946026225,0.0361964295354046,0.0346010455975117,0.0344053737085099,0.0344505201632756,0.0346219180111995
"2009.5",0,0.0222447100517028,0.21817957896966,0.219914928760319,0.107882230714973,0.0345701489306979,0.0203442873621055,0.0186626376589463,0.0186896731516654,0.0189002034051274,0.0190928960783147,0.0192455458194023,0.019487683331921,0,0.0064420443822547,0.197047115401452,0.227005496564327,0.140468063499824,0.04451363494021,0.0217831990983994,0.0187841167639532,0.0186474694472591,0.0188469035021589,0.0190484159297038,0.0192110243996401,0.0194701356611379
"2009.75",0,0.00693875814335679,0.0230971497595583,0.0429657345946198,0.0719763264527003,0.0798945371771445,0.0802761685195323,0.0803784168718457,0.0804820554045187,0.0805549818301372,0.0806063859126149,0.0806438993818009,0.0807001973339097,0,0.00285024238842971,0.0206474982154722,0.035670148937866,0.0665189333555345,0.0792929939226471,0.0802592895775135,0.0803491689670734,0.0804591788980419,0.0805394735770744,0.0805950640542856,0.080635399600552,0.0806960394924269
